,index,height,weight,birthDate,collegeName,position,displayName
0,0,72,191,1991-08-16,Central Florida,CB,A.J. Bouye
1,1,6-5,240,09/20/1991,Arkansas,TE,A.J. Derby
2,2,76,210,1988-07-31,Georgia,WR,A.J. Green
3,3,73,240,1991-07-30,Iowa State,OLB,A.J. Klein
4,4,71,202,1995-12-15,Mississippi,DB,A.J. Moore
5,5,75,220,1990-09-13,Alabama,QB,AJ McCarron
6,6,72,191,1991-10-02,Oklahoma,CB,Aaron Colvin
7,7,69,208,1994-12-02,Texas-El Paso,RB,Aaron Jones
8,8,77,285,1993-02-08,South Florida,OLB,Aaron Lynch
9,9,74,225,1983-12-02,California,QB,Aaron Rodgers
10,10,6-2,242,07/08/1993,UCLA,OLB,Aaron Wallace
11,11,76,318,1991-09-08,Georgia,NT,Abry Jones
12,12,77,300,1994-04-12,Vanderbilt,DT,Adam Butler
13,13,71,195,1993-06-24,Clemson,WR,Adam Humphries
14,14,5-10,185,09/30/1983,West Virginia,CB,Adam Jones
15,15,78,257,1994-10-24,Ashland,TE,Adam Shaheen
16,16,74,200,1990-08-22,Minn. State-Mankato,WR,Adam Thielen
17,17,72,230,1990-09-21,Florida Atlantic,MLB,Adarius Taylor
18,18,75,205,1996-11-07,Virginia Tech,CB,Adonis Alexander
19,19,71,185,1995-09-18,Southern California,CB,Adoree' Jackson
20,20,72,214,1993-04-29,Penn State,FS,Adrian Amos
21,21,75,280,1988-07-06,Iowa,DE,Adrian Clayborn
22,22,74,205,1993-10-06,Miami,FS,Adrian Colbert
23,23,73,220,1985-03-21,Oklahoma,RB,Adrian Peterson
24,24,71,210,1992-03-28,Texas,SS,Adrian Phillips
25,25,75,195,1995-03-21,Colorado,CB,Ahkello Witherspoon
26,26,72,227,1994-12-15,Oklahoma,ILB,Ahmad Thomas
27,27,73,215,1992-08-29,San Jose State,CB,Akeem King
28,28,76,352,1989-11-16,"Regina, Can.",DT,Akiem Hicks
29,29,6-1,235,07/02/1993,Memphis,TE,Alan Cross
30,30,74,235,1986-06-04,Marshall,OLB,Albert McClellan
31,31,69,195,1992-07-12,Georgia State,WR,Albert Wilson
32,32,5-10,185,09/24/1988,Southern Methodist,WR,Aldrick Robinson
33,33,75,250,1991-09-25,Georgia,LB,Alec Ogletree
34,34,75,240,1994-09-22,Florida,OLB,Alex Anzalone
35,35,74,255,1994-05-17,West Georgia,RB,Alex Armah
36,36,5-10,208,08/26/1994,Arkansas,RB,Alex Collins
37,37,72,195,1992-11-06,Wisconsin,WR,Alex Erickson
38,38,76,213,1984-05-07,Utah,QB,Alex Smith
39,39,6-2,225,04/27/1991,LSU,RB,Alfred Blue
40,40,5-10,222,12/12/1988,Florida Atlantic,RB,Alfred Morris
41,41,75,195,1991-11-12,Miami,WR,Allen Hurns
42,42,77,227,1995-12-11,Iowa State,WR,Allen Lazard
43,43,74,220,1993-08-24,Penn State,WR,Allen Robinson
44,44,6-4,218,09/29/1992,Toledo,WR,Alonzo Russell
45,45,75,218,1990-02-14,South Carolina,WR,Alshon Jeffery
46,46,70,215,1995-07-25,Tennessee,RB,Alvin Kamara
47,47,73,211,1994-06-17,Alabama,WR,Amari Cooper
48,48,69,203,1993-06-13,Nebraska,RB,Ameer Abdullah
49,49,5-10,195,05/30/1992,Vanderbilt,FS,Andre Hal
50,50,6-4,210,06/16/1988,Hillsdale,WR,Andre Holmes
51,51,71,195,1988-01-09,Citadel,WR,Andre Roberts
52,52,72,240,1997-04-20,North Carolina,LB,Andre Smith
53,53,71,202,1992-10-28,Connecticut,FS,Andrew Adams
54,54,6-2,235,09/17/1991,Vanderbilt,LS,Andrew East
55,55,6-4,240,09/12/1989,Stanford,QB,Andrew Luck
56,56,73,210,1987-09-09,Rice,SS,Andrew Sendejo
57,57,74,220,1987-10-29,Texas Christian,QB,Andy Dalton
58,58,73,238,1993-05-23,Nebraska,RB,Andy Janovich
59,59,73,215,1994-06-28,Jacksonville,WR,Andy Jones
60,60,71,178,1994-11-30,Alabama,CB,Anthony Averett
61,61,77,255,1992-03-18,UCLA,OLB,Anthony Barr
62,62,71,196,1993-12-15,Purdue,CB,Anthony Brown
63,63,75,255,1992-12-10,Miami,OLB,Anthony Chickillo
64,64,74,246,1995-02-19,Harvard,TE,Anthony Firkser
65,65,73,202,1991-10-09,Virginia,FS,Anthony Harris
66,66,72,235,1992-06-10,Iowa,MLB,Anthony Hitchens
67,67,71,207,1987-03-27,Tennessee State,DB,Anthony Levine
68,68,71,199,1994-10-09,Memphis,WR,Anthony Miller
69,69,70,242,1988-12-11,Connecticut,FB,Anthony Sherman
70,70,73,230,1995-08-08,Northwestern,ILB,Anthony Walker
71,71,71,201,1984-07-27,Howard,FS,Antoine Bethea
72,72,6-0,219,02/27/1991,Virginia Tech,FS,Antone Exum
73,73,5-10,185,07/10/1988,Central Michigan,WR,Antonio Brown
74,74,71,200,1997-01-09,Florida,WR,Antonio Callaway
75,75,6-4,255,06/18/1980,Kent State,TE,Antonio Gates
76,76,6-1,241,12/06/1994,Florida,ILB,Antonio Morrison
77,77,78,256,1993-05-28,"Laval, Can.",TE,Antony Auclair
78,78,73,209,1986-02-13,Kansas,CB,Aqib Talib
79,79,77,240,1996-05-03,Louisiana State,DE,Arden Key
80,80,71,205,1996-03-19,Texas A&M,DB,Armani Watts
81,81,70,190,1993-07-13,Memphis,CB,Arthur Maulet
82,82,72,197,1995-05-01,Miami,CB,Artie Burns
83,83,77,228,1997-02-03,Florida State,WR,Auden Tate
84,84,72,240,1994-01-10,Villanova,LB,Austin Calitro
85,85,73,195,1993-12-25,Northwestern,WR,Austin Carr
86,86,70,200,1995-05-17,"Western State, Colo.",RB,Austin Ekeler
87,87,76,254,1994-10-29,Stanford,TE,Austin Hooper
88,88,76,314,1994-05-08,Penn State,NT,Austin Johnson
89,89,6-5,262,09/29/1992,Washington,TE,Austin Seferian-Jenkins
90,90,73,246,1992-03-09,Kentucky,ILB,Avery Williamson
91,91,69,184,1996-03-31,Pittsburgh,CB,Avonte Maddox
92,92,75,229,1994-10-31,Illinois State,MLB,B.J. Bello
93,93,73,242,1993-05-29,Clemson,ILB,B.J. Goodson
94,94,71,190,1990-05-03,William & Mary,CB,B.W. Webb
95,95,73,215,1995-04-14,Oklahoma,QB,Baker Mayfield
96,96,77,235,1990-10-04,Louisiana State,OLB,Barkevious Mingo
97,97,6-2,218,02/11/1988,Toledo,SS,Barry Church
98,98,71,195,1992-01-30,Clemson,CB,Bashaud Breeland
99,99,76,260,1990-01-25,Missouri,LS,Beau Brinkley
100,100,75,247,1994-02-07,Harvard,TE,Ben Braunecker
101,101,74,244,1994-10-16,Michigan,OLB,Ben Gedeon
102,102,6-4,240,04/17/1988,Fresno State,OLB,Ben Jacobs
103,103,77,258,1993-04-09,Notre Dame,TE,Ben Koyack
104,104,74,233,1995-07-27,Iowa,LB,Ben Niemann
105,105,77,240,1982-03-02,"Miami, O.",QB,Ben Roethlisberger
106,106,76,257,1992-11-19,Mississippi State,ILB,Benardrick McKinney
107,107,6-0,195,09/03/1991,San Jose State,CB,Bene' Benwikere
108,108,75,255,1980-12-18,Georgia,TE,Benjamin Watson
109,109,73,218,1991-06-10,Michigan State,WR,Bennie Fowler
110,110,6-2,315,12/28/1989,LSU,NT,Bennie Logan
111,111,5-10,218,07/07/1990,Middle Tennessee State,RB,Benny Cunningham
112,112,75,265,1991-08-03,Idaho,DE,Benson Mayowa
113,113,75,313,1996-09-14,Delaware,DT,Bilal Nichols
114,114,70,204,1988-10-27,Louisville,RB,Bilal Powell
115,115,77,235,1989-10-15,Missouri,QB,Blaine Gabbert
116,116,6-0,238,05/27/1994,Ohio,OLB,Blair Brown
117,117,78,252,1991-08-07,Oklahoma,TE,Blake Bell
118,118,77,236,1992-04-28,Central Florida,QB,Blake Bortles
119,119,70,191,1993-08-08,Auburn,SS,Blake Countess
120,120,77,260,1994-07-16,Oklahoma State,TE,Blake Jarwin
121,121,74,237,1994-01-09,Stanford,ILB,Blake Martinez
122,122,73,190,1989-12-05,Connecticut,CB,Blidi Wreh-Wilson
123,123,71,192,1993-08-18,Memphis,CB,Bobby McCain
124,124,72,242,1990-06-27,Utah State,MLB,Bobby Wagner
125,125,5-9,186,01/25/1995,Florida State,WR,Bobo Wilson
126,126,76,275,1996-06-24,North Carolina State,DE,Bradley Chubb
127,127,5-10,205,12/14/1992,Texas Tech,WR,Bradley Marquez
128,128,73,215,1990-11-15,Kansas,SS,Bradley McDougald
129,129,71,194,1992-05-01,Ohio State,CB,Bradley Roby
130,130,70,183,1993-09-25,Oregon State,WR,Brandin Cooks
131,131,71,220,1990-01-26,Mississippi,RB,Brandon Bolden
132,132,72,210,1986-05-19,Grand Valley State,CB,Brandon Carr
133,133,74,197,1994-09-08,Virginia Tech,CB,Brandon Facyson
134,134,6-3,210,11/04/1986,LSU,WR,Brandon LaFell
135,135,6-5,232,03/23/1984,Central Florida,WR,Brandon Marshall
136,136,6-1,245,09/10/1989,Nevada,ILB,Brandon Marshall
137,137,68,189,1995-09-12,Florida,WR,Brandon Powell
138,138,6-0,220,07/22/1993,South Carolina,RB,Brandon Wilds
139,139,72,200,1992-09-09,Texas A&M,CB,Brandon Williams
140,140,73,336,1989-02-21,Missouri Southern,DT,Brandon Williams
141,141,70,200,1994-07-27,Houston,S,Brandon Wilson
142,142,74,215,1993-03-25,"Concordia, Minn",WR,Brandon Zylstra
143,143,75,285,1995-12-18,Mississippi,LB,Breeland Speaks
144,144,76,263,1993-07-31,Stanford,OLB,Brennan Scarlett
145,145,5-10,185,07/19/1983,Shippensburg,CB,Brent Grimes
146,146,79,300,1991-05-05,Virginia,DE,Brent Urban
147,147,74,215,1993-09-10,Central Florida,WR,Breshad Perriman
148,148,74,214,1986-02-17,Toledo,P,Brett Kern
149,149,73,219,1995-11-09,Wyoming,HB,Brian Hill
150,150,74,215,1985-10-13,Michigan State,QB,Brian Hoyer
151,151,6-4,257,07/31/1986,Texas,OLB,Brian Orakpo
152,152,6-4,265,05/30/1992,"Albany, N.Y.",TE,Brian Parker
153,153,6-4,240,10/31/1988,Northwestern (Ia),ILB,Brian Peters
154,154,70,211,1992-10-20,Florida,CB,Brian Poole
155,155,6-3,215,06/05/1989,Appalachian State,WR,Brian Quick
156,156,6-3,211,01/29/1990,San Diego State,WR,Brice Butler
157,157,69,193,1993-01-21,Minnesota,CB,Briean Boddy-Calhoun
158,158,6-7,240,11/22/1990,Arizona State,QB,Brock Osweiler
159,159,6-2,240,02/19/1988,North Carolina,ILB,Bruce Carter
160,160,5-9,200,08/22/1991,South Carolina,WR,Bruce Ellington
161,161,75,250,1987-11-01,West Virginia,LB,Bruce Irvin
162,162,75,205,1988-10-06,California,P,Bryan Anger
163,163,69,188,1991-10-23,Rice,CB,Bryce Callahan
164,164,73,237,1992-05-04,Baylor,ILB,Bryce Hager
165,165,74,225,1989-10-23,Troy,FS,Brynden Trawick
166,166,76,269,1993-02-12,Kentucky,OLB,Bud Dupree
167,167,70,195,1996-01-10,Washington,FS,Budda Baker
168,168,73,218,1996-03-27,Florida Atlantic,RB,Buddy Howell
169,169,69,185,1989-04-26,Chattanooga,CB,Buster Skrine
170,170,72,205,1992-09-26,Connecticut,CB,Byron Jones
171,171,5-9,215,02/13/1994,Oregon,RB,Byron Marshall
172,172,5-8,225,02/10/1991,California,RB,C.J. Anderson
173,173,74,215,1993-11-16,Iowa,QB,C.J. Beathard
174,174,75,190,1990-02-04,"California, Pa.",CB,C.J. Goodwin
175,175,71,235,1993-07-22,"Augustana, S.D.",FB,C.J. Ham
176,176,74,250,1992-06-19,Alabama,ILB,C.J. Mosley
177,177,73,225,1994-05-20,Notre Dame,RB,C.J. Prosise
178,178,78,260,1993-01-14,Auburn,TE,C.J. Uzomah
179,179,80,300,1986-09-01,Miami,DE,Calais Campbell
180,180,73,190,1994-12-20,Alabama,WR,Calvin Ridley
181,181,77,245,1989-05-11,Auburn,QB,Cam Newton
182,182,72,201,1995-12-16,Virginia Tech,WR,Cam Phillips
183,183,5-10,215,06/23/1990,Auburn,RB,Cameron Artis-Payne
184,184,68,175,1995-12-20,Texas Tech,WR,Cameron Batson
185,185,77,245,1991-07-03,Harvard,TE,Cameron Brate
186,186,77,295,1989-05-06,Ohio State,DT,Cameron Heyward
187,187,76,287,1989-07-10,California,DE,Cameron Jordan
188,188,6-0,229,08/04/1993,Syracuse,OLB,Cameron Lynch
189,189,6-3,207,09/21/1992,Illinois State,WR,Cameron Meredith
190,190,71,188,1995-02-27,Tennessee,CB,Cameron Sutton
191,191,5-9,195,04/10/1988,South Carolina,CB,Captain Munnerlyn
192,192,79,275,1993-04-12,Penn State,OLB,Carl Nassib
193,193,78,285,1989-02-28,Florida,DE,Carlos Dunlap
194,194,72,229,1990-09-20,Ohio State,RB,Carlos Hyde
195,195,73,206,1996-12-31,Auburn,CB,Carlton Davis
196,196,77,237,1992-12-30,North Dakota State,QB,Carson Wentz
197,197,73,215,1988-02-17,Houston,QB,Case Keenum
198,198,71,192,1989-09-09,Vanderbilt,CB,Casey Hayward
199,199,73,250,1990-08-13,Iowa,LS,Casey Kreiter
200,200,6-3,252,11/17/1992,Auburn,LB,Cassanova McKinzy
201,201,70,185,1994-06-01,Northern Illinois,WR,Chad Beebe
202,202,75,222,1985-07-02,Michigan,QB,Chad Henne
203,203,74,204,1994-10-19,Grambling,WR,Chad Williams
204,204,77,265,1990-02-27,Syracuse,OLB,Chandler Jones
205,205,71,189,1996-08-07,Georgia State,CB,Chandon Sullivan
206,206,5-10,205,06/02/1991,Abilene Christian,RB,Charcandrick West
207,207,75,246,1989-02-13,Tulsa,TE,Charles Clay
208,208,6-2,209,10/16/1992,Clemson,WR,Charone Peake
209,209,73,195,1996-05-16,Middle Tennessee,CB,Charvarius Ward
210,210,75,246,1993-08-29,Southern Illinois,OLB,Chase Allen
211,211,72,229,1986-10-07,Missouri,QB,Chase Daniel
212,212,69,210,1996-04-13,Fordham,RB,Chase Edmonds
213,213,72,184,1994-01-12,Grambling State,WR,Chester Rogers
214,214,72,202,1995-05-24,Colorado,CB,Chidobe Awuzie
215,215,70,207,1990-02-26,Southern Methodist,SS,Chris Banjo
216,216,74,230,1995-07-23,North Dakota State,LB,Chris Board
217,217,74,185,1991-03-16,Rice,K,Chris Boswell
218,218,71,222,1994-09-16,Oklahoma State,RB,Chris Carson
219,219,75,205,1992-10-25,Georgia,WR,Chris Conley
220,220,6-2,203,02/23/1989,California,SS,Chris Conte
221,221,73,209,1996-02-27,Penn State,WR,Chris Godwin
222,222,70,199,1989-06-18,Kansas,CB,Chris Harris
223,223,76,252,1996-02-23,Miami,TE,Chris Herndon
224,224,73,210,1987-10-24,"Monmouth, N.J.",WR,Chris Hogan
225,225,6-0,223,03/22/1988,Tiffin University,RB,Chris Ivory
226,226,75,205,1996-01-28,Oklahoma State,WR,Chris Lacy
227,227,78,255,1992-04-10,Canisius,TE,Chris Manhertz
228,228,71,190,1992-09-15,Georgia Tech,CB,Chris Milton
229,229,73,200,1993-06-16,Cincinnati,WR,Chris Moore
230,230,68,195,1990-10-20,Florida State,RB,Chris Thompson
231,231,77,300,1993-08-25,Michigan,DE,Chris Wormley
232,232,74,305,1993-10-16,Rice,DT,Christian Covington
233,233,75,250,1991-02-18,Florida State,ILB,Christian Jones
234,234,71,200,1996-11-18,Texas A&M,WR,Christian Kirk
235,235,74,235,1992-08-31,Iowa,OLB,Christian Kirksey
236,236,71,205,1996-06-07,Stanford,RB,Christian McCaffrey
237,237,72,205,1995-04-19,Virginia Tech,FS,Chuck Clark
238,238,75,255,1986-05-14,Southern California,OLB,Clay Matthews
239,239,72,205,1993-06-02,Illinois,FS,Clayton Fejedelem
240,240,74,216,1992-06-01,Central Florida,FS,Clayton Geathers
241,241,74,297,1987-01-06,Memphis,DT,Clinton McDonald
242,242,76,252,1991-10-01,Miami,TE,Clive Walford
243,243,75,205,1994-04-17,Mississippi,WR,Cody Core
244,244,74,203,1989-06-06,Texas Tech,FS,Cody Davis
245,245,73,215,1993-05-11,Southern California,QB,Cody Kessler
246,246,75,222,1992-10-10,Indiana,WR,Cody Latimer
247,247,6-1,213,04/19/1995,California-Davis,P,Colby Wadman
248,248,68,174,1989-04-26,Southern Methodist,WR,Cole Beasley
249,249,78,257,1993-11-30,Incarnate Word,TE,Cole Wick
250,250,72,205,1987-10-27,Texas Christian,FS,Colin Jones
251,251,73,212,1986-09-05,Texas,QB,Colt McCoy
252,252,5-11,224,10/27/1990,California-Davis,P,Colton Schmidt
253,253,6-4,255,10/15/1986,Cincinnati,OLB,Connor Barwin
254,254,74,208,1993-06-15,Eastern Washington,WR,Cooper Kupp
255,255,74,238,1991-03-17,Tennessee,WR,Cordarrelle Patterson
256,256,73,200,1993-11-19,Clemson,CB,Cordrea Tankersley
257,257,72,208,1996-09-13,New Mexico,P,Corey Bojorquez
258,258,70,220,1994-11-02,Wisconsin,RB,Corey Clement
259,259,71,185,1994-07-06,Baylor,WR,Corey Coleman
260,260,75,209,1995-01-11,Western Michigan,WR,Corey Davis
261,261,6-0,196,07/25/1985,New Hampshire,FS,Corey Graham
262,262,5-11,203,12/19/1991,Auburn,RB,Corey Grant
263,263,6-2,200,01/28/1993,Georgia,SS,Corey Moore
264,264,73,222,1993-12-23,Louisiana State,LB,Corey Thompson
265,265,70,185,1994-10-09,Miami,CB,Corn Elder
266,266,72,185,1995-09-22,Southern Mississippi,CB,Cornell Armstrong
267,267,75,228,1993-11-18,Washington,ILB,Cory Littleton
268,268,71,187,1988-11-15,Clemson,CB,Coty Sensabaugh
269,269,76,216,1995-10-10,Southern Methodist,WR,Courtland Sutton
270,270,73,234,1988-02-11,North Texas,OLB,Craig Robertson
271,271,70,190,1994-07-25,Florida Atlantic,CB,Cre'von LeBlanc
272,272,72,190,1992-07-18,Fresno State,FS,Curtis Riley
273,273,71,195,1996-08-11,Ohio State,WR,Curtis Samuel
274,274,70,200,1993-11-29,Alabama,CB,Cyrus Jones
275,275,6-1,236,04/24/1996,Texas,RB,D'Onta Foreman
276,276,74,233,1991-09-30,Oregon State,OLB,D.J. Alexander
277,277,76,198,1996-09-23,Louisiana State,WR,D.J. Chark
278,278,71,190,1990-06-27,Houston,CB,D.J. Hayden
279,279,71,215,1997-04-14,Maryland,WR,D.J. Moore
280,280,75,347,1994-07-01,Clemson,DT,D.J. Reader
281,281,69,193,1996-11-11,Kansas State,DB,D.J. Reed
282,282,70,205,1991-09-01,South Carolina,FS,D.J. Swearinger
283,283,72,205,1995-08-08,Fresno State,WR,Da'Mari Scott
284,284,5-11,205,11/16/1988,North Carolina,SS,Da'Norris Searcy
285,285,73,206,1995-03-10,Penn State,WR,DaeSean Hamilton
286,286,74,238,1993-07-29,Mississippi State,QB,Dak Prescott
287,287,77,256,1995-01-03,South Dakota State,TE,Dallas Goedert
288,288,70,195,1994-08-08,Utah State,DB,Dallin Leavitt
289,289,77,242,1996-07-11,Stanford,TE,Dalton Schultz
290,290,70,210,1995-08-10,Florida State,RB,Dalvin Cook
291,291,71,196,1992-08-29,Arizona State,CB,Damarious Randall
292,292,71,224,1992-04-03,Oklahoma,RB,Damien Williams
293,293,72,243,1993-05-28,Minnesota,OLB,Damien Wilson
294,294,69,180,1993-01-27,South Carolina,WR,Damiere Byrd
295,295,74,200,1995-04-16,Texas A&M,WR,Damion Ratley
296,296,75,350,1988-11-29,William Penn,DT,Damon Harrison
297,297,71,190,1993-06-05,San Diego State,SS,Damontae Kazee
298,298,78,220,1995-03-15,Wisconsin-Platteville,TE,Dan Arnold
299,299,73,209,1995-04-27,Arizona,DB,Dane Cruikshank
300,300,77,247,1992-05-26,James Madison,TE,Daniel Brown
301,301,74,208,1990-03-05,Brigham Young,SS,Daniel Sorensen
302,302,71,185,1985-11-02,Texas Tech,WR,Danny Amendola
303,303,69,190,1995-11-17,Southern U.,DB,Danny Johnson
304,304,72,239,1990-03-24,Kentucky,ILB,Danny Trevathan
305,305,72,239,1993-10-26,Northwestern,FB,Danny Vitale
306,306,75,255,1994-08-03,Florida,OLB,Dante Fowler Jr.
307,307,73,195,1995-10-23,Washington,WR,Dante Pettis
308,308,71,225,1990-11-27,Auburn,ILB,Daren Bates
309,309,71,214,1988-08-04,South Carolina,FS,Darian Stewart
310,310,69,187,1993-03-15,Alabama-Birmingham,CB,Darious Williams
311,311,72,230,1993-12-01,Eastern Michigan,RB,Darius Jackson
312,312,70,180,1992-06-28,Virginia,WR,Darius Jennings
313,313,75,320,1991-12-14,Maryland,DT,Darius Kilgo
314,314,74,230,1995-07-27,South Carolina State,LB,Darius Leonard
315,315,70,190,1995-06-26,Western Michigan,CB,Darius Phillips
316,316,72,190,1991-01-01,Mississippi State,CB,Darius Slay
317,317,71,205,1991-10-10,Michigan State,CB,Darqueze Dennard
318,318,71,224,1995-04-15,Louisiana State,RB,Darrel Williams
319,319,75,256,1994-11-22,Washington,TE,Darrell Daniels
320,320,79,270,1986-04-22,California-Irvine,TE,Darren Fells
321,321,66,190,1983-06-20,Kansas State,RB,Darren Sproles
322,322,78,255,1992-09-13,Georgia Tech,TE,Darren Waller
323,323,6-2,210,02/26/1987,Maryland,WR,Darrius Heyward-Bey
324,324,73,232,1994-10-18,Ohio State,ILB,Darron Lee
325,325,72,182,1990-11-26,Marshall,CB,Darryl Roberts
326,326,72,180,1995-03-19,Texas Southern,WR,Darvin Kidsy
327,327,73,215,1995-02-22,West Virginia,CB,Daryl Worley
328,328,73,215,1992-12-24,Fresno State,WR,Davante Adams
329,329,6-1,229,06/17/1994,Arkansas,RB,Dave Williams
330,330,6-1,205,12/08/1991,North Carolina State,CB,David Amerson
331,331,71,224,1992-01-28,Toledo,RB,David Fluellen
332,332,6-5,265,02/04/1994,North Carolina State,TE,David Grinnage
333,333,73,224,1991-12-16,Northern Iowa,RB,David Johnson
334,334,74,240,1993-08-08,Texas State,MLB,David Mayo
335,335,72,215,1995-01-15,East Central,WR,David Moore
336,336,76,265,1993-05-19,Texas-San Antonio,TE,David Morgan
337,337,76,246,1996-07-10,Miami,TE,David Njoku
338,338,6-0,195,07/10/1989,New Mexico State,CB,Davon House
339,339,5-7,208,11/24/1992,Coastal Carolina,RB,De'Angelo Henderson Sr.
340,340,68,176,1993-01-05,Oregon,WR,De'Anthony Thomas
341,341,5-11,214,08/23/1995,Alcorn State,RB,De'Lance Turner
342,342,5-11,190,06/30/1994,Texas A&M,CB,De'Vante Harris
343,343,75,232,1993-07-01,Minnesota,OLB,De'Vondre Campbell
344,344,68,190,1993-04-10,Sacramento State,WR,DeAndre Carter
345,345,73,212,1992-06-06,Clemson,WR,DeAndre Hopkins
346,346,72,202,1993-04-13,William & Mary,FS,DeAndre Houston-Carson
347,347,68,210,1993-02-22,Texas Tech,RB,DeAndre Washington
348,348,70,175,1986-12-01,California,WR,DeSean Jackson
349,349,6-2,216,06/28/1989,Portland State,CB,DeShawn Shead
350,350,76,235,1996-01-03,Notre Dame,QB,DeShone Kizer
351,351,74,190,1993-01-15,Pittsburg State,CB,DeVante Bausby
352,352,75,216,1993-01-20,Louisville,WR,DeVante Parker
353,353,73,208,1992-07-25,James Madison,DB,Dean Marlowe
354,354,74,205,1994-07-12,Kansas State,CB,Deante Burton
355,355,72,176,1993-11-21,Oklahoma,WR,Dede Westbrook
356,356,5-11,193,02/20/1995,Miami,CB,Dee Delaney
357,357,74,252,1991-03-19,Auburn,DE,Dee Ford
358,358,73,227,1994-11-04,Louisiana State,MLB,Deion Jones
359,359,74,206,1994-05-31,Northern Iowa,CB,Deiondre' Hall
360,360,74,245,1988-03-03,Florida State,OLB,Dekoda Watson
361,361,74,248,1984-08-12,Central Missouri State,TE,Delanie Walker
362,362,73,203,1994-09-21,Florida,WR,Demarcus Robinson
363,363,74,248,1989-01-11,Arkansas State,ILB,Demario Davis
364,364,75,225,1987-12-25,Georgia Tech,WR,Demaryius Thomas
365,365,79,230,1991-07-29,Wisconsin-Milwaukee,TE,Demetrius Harris
366,366,77,285,1990-07-15,Mississippi State,DT,Denico Autry
367,367,71,240,1992-12-05,Miami,ILB,Denzel Perryman
368,368,6-0,185,03/31/1993,Coastal Carolina,DB,Denzel Rice
369,369,71,191,1997-04-28,Ohio State,CB,Denzel Ward
370,370,72,200,1993-08-14,Miami,SS,Deon Bush
371,371,75,235,1990-07-18,West Alabama,OLB,Deon Lacey
372,372,73,211,1992-08-30,Washington State,ILB,Deone Bucannon
373,373,72,186,1997-10-04,Southern California,WR,Deontay Burnett
374,374,6-0,204,02/14/1989,Florida,WR,Deonte Thompson
375,375,6-6,235,06/15/1983,Oregon State,QB,Derek Anderson
376,376,75,210,1991-03-28,Fresno State,QB,Derek Carr
377,377,75,240,1990-07-25,Beloit,TE,Derek Carrier
378,378,74,234,1992-11-07,Wisconsin,FB,Derek Watt
379,379,6-0,233,10/18/1990,UCLA,FB,Derrick Coleman
380,380,75,247,1994-01-04,Alabama,RB,Derrick Henry
381,381,6-3,245,11/22/1982,Texas,ILB,Derrick Johnson
382,382,6-2,188,12/04/1994,Mississippi,CB,Derrick Jones
383,383,70,210,1993-12-15,Texas Christian,SS,Derrick Kindred
384,384,6-4,261,01/06/1989,Georgia Tech,OLB,Derrick Morgan
385,385,6-4,207,10/17/1994,Texas Tech,WR,Derrick Willies
386,386,74,215,1996-08-03,Florida State,SS,Derwin James
387,387,74,221,1995-09-14,Clemson,QB,Deshaun Watson
388,388,72,203,1992-02-22,Texas A&M,SS,Deshazor Everett
389,389,70,201,1994-12-14,Iowa,CB,Desmond King
390,390,72,190,1990-09-10,Washington,CB,Desmond Trufant
391,391,5-10,210,03/06/1994,Western Carolina,RB,Detrez Newsome
392,392,73,236,1993-07-03,Oklahoma,OLB,Devante Bond
393,393,76,225,1994-05-21,Michigan,WR,Devin Funchess
394,394,70,195,1987-08-13,Rutgers,FS,Devin McCourty
395,395,75,256,1991-06-24,Southern California,OLB,Devon Kennard
396,396,68,206,1992-03-15,Florida State,RB,Devonta Freeman
397,397,71,219,1992-05-27,Utah,RB,Devontae Booker
398,398,5-10,190,04/08/1991,Maryland,CB,Dexter McDougle
399,399,68,195,1990-09-27,Pittsburgh,RB,Dion Lewis
400,400,6-4,268,02/18/1991,Michigan State,TE,Dion Sims
401,401,6-2,263,04/28/1992,Florida,OLB,Dominique Easley
402,402,5-10,178,12/13/1994,Utah,CB,Dominique Hatfield
403,403,74,205,1986-04-07,Tennessee State,CB,Dominique Rodgers-Cromartie
404,404,76,258,1981-08-17,Texas A&M,LS,Don Muhlbach
405,405,6-2,237,10/13/1996,Western Michigan,TE,Donnie Ernsberger
406,406,75,260,1990-03-12,Alabama,MLB,Dont'a Hightower
407,407,74,200,1991-12-01,North Carolina State,CB,Dontae Johnson
408,408,70,180,1995-11-08,Louisiana State,CB,Donte Jackson
409,409,74,215,1993-08-06,Mississippi,WR,Donte Moncrief
410,410,69,159,1994-01-28,Boise State,CB,Donte' Deayon
411,411,71,202,1995-02-26,Tulane,RB,Dontrell Hilliard
412,412,75,205,1989-01-31,Virginia,WR,Dontrelle Inman
413,413,73,220,1994-09-04,Clemson,LB,Dorian O'Daniel
414,414,5-10,192,09/21/1988,Stanford,WR,Doug Baldwin
415,415,5-9,210,01/13/1989,Boise State,RB,Doug Martin
416,416,72,210,1993-09-25,Appalachian State,S,Doug Middleton
417,417,74,190,1989-10-26,Alabama,CB,Dre Kirkpatrick
418,418,72,209,1979-01-15,Purdue,QB,Drew Brees
419,419,76,255,1995-04-24,Wake Forest,LB,Duke Ejiofor
420,420,69,210,1993-09-23,Miami,RB,Duke Johnson
421,421,73,230,1994-08-09,Louisiana State,OLB,Duke Riley
422,422,78,260,1995-08-09,Notre Dame,TE,Durham Smythe
423,423,73,205,1991-01-24,Rutgers,FS,Duron Harmon
424,424,6-4,260,02/24/1990,Clemson,TE,Dwayne Allen
425,425,70,215,1987-09-16,East Carolina,WR,Dwayne Harris
426,426,73,223,1994-04-24,Washington,RB,Dwayne Washington
427,427,72,237,1994-05-19,Missouri State,ILB,Dylan Cole
428,428,6-2,199,11/30/1993,Michigan,DB,Dymonte Thomas
429,429,70,191,1992-02-23,Missouri,CB,E.J. Gaines
430,430,70,202,1989-05-07,Texas,FS,Earl Thomas
431,431,76,250,1987-07-25,Oregon,TE,Ed Dickson
432,432,75,318,1994-01-06,Florida State,NT,Eddie Goldman
433,433,72,202,1993-12-10,Alabama,FS,Eddie Jackson
434,434,5-10,210,12/17/1988,Oregon,SS,Eddie Pleasant
435,435,75,259,1993-04-24,Wyoming,DE,Eddie Yarbrough
436,436,72,238,1994-04-22,Houston,MLB,Elandon Roberts
437,437,73,203,1995-08-09,Ohio State,CB,Eli Apple
438,438,6-3,243,01/20/1994,Virginia,DE,Eli Harold
439,439,6-5,218,01/03/1981,Mississippi,QB,Eli Manning
440,440,5-10,187,12/23/1992,Louisville,WR,Eli Rogers
441,441,74,229,1996-02-08,Kansas State,LB,Elijah Lee
442,442,70,214,1994-06-01,Louisiana-Lafayette,RB,Elijah McGuire
443,443,73,234,1993-08-17,Idaho,RB,Elijhaa Penny
444,444,6-4,245,06/08/1989,Kansas State,OLB,Emmanuel Lamur
445,445,71,180,1987-03-17,Southern Methodist,WR,Emmanuel Sanders
446,446,77,214,1996-09-30,Notre Dame,WR,Equanimeous St. Brown
447,447,6-0,212,12/29/1988,Tennessee,SS,Eric Berry
448,448,76,253,1993-04-10,North Carolina,TE,Eric Ebron
449,449,72,232,1992-02-29,UCLA,MLB,Eric Kendricks
450,450,6-3,255,08/06/1994,South Florida,DE,Eric Lee
451,451,71,199,1994-01-07,Minnesota,FS,Eric Murray
452,452,73,215,1991-12-10,Louisiana State,SS,Eric Reid
453,453,73,205,1992-10-03,Utah,CB,Eric Rowe
454,454,77,253,1994-05-01,Drake,TE,Eric Saubert
455,455,78,263,1992-04-22,Texas-El Paso,TE,Eric Tomlinson
456,456,5-11,195,01/04/1985,Utah,FS,Eric Weddle
457,457,73,230,1994-09-26,Cincinnati,OLB,Eric Wilson
458,458,74,220,1990-04-02,"California, Pa.",SS,Erik Harris
459,459,76,255,1992-05-08,Miami,TE,Erik Swoope
460,460,75,240,1994-09-02,Mississippi,TE,Evan Engram
461,461,75,273,1987-12-22,Southern California,DE,Everson Griffen
462,462,72,228,1995-07-22,Ohio State,RB,Ezekiel Elliott
463,463,72,204,1994-04-09,UCLA,CB,Fabian Moreau
464,464,74,215,1995-08-02,Yale,LB,Foye Oluokun
465,465,75,260,1993-06-14,Michigan,DE,Frank Clark
466,466,69,212,1983-05-14,Miami,RB,Frank Gore
467,467,6-3,254,03/05/1987,Central Michigan,OLB,Frank Zombo
468,468,75,235,1996-09-19,Washington State,LB,Frankie Luvu
469,469,75,230,1996-11-19,Brigham Young,LB,Fred Warner
470,470,6-0,195,09/07/1991,North Greenville,WR,Freddie Martino
471,471,6-5,255,03/29/1991,Purdue,TE,Gabe Holmes
472,472,72,190,1995-06-29,Ohio State,CB,Gareon Conley
473,473,77,252,1988-05-29,Michigan State,TE,Garrett Celek
474,474,75,248,1995-12-30,Northwestern,TE,Garrett Dickerson
475,475,76,230,1991-07-01,Southern Methodist,QB,Garrett Gilbert
476,476,6-1,240,07/31/1985,Florida State,LS,Garrison Sanborn
477,477,75,208,1993-02-24,Alabama,WR,Gehrig Dieter
478,478,72,250,1995-04-26,Memphis,LB,Genard Avery
479,479,6-4,265,06/04/1992,Oklahoma,DE,Geneo Grissom
480,480,75,221,1990-10-10,West Virginia,QB,Geno Smith
481,481,76,260,1993-09-16,Texas,TE,Geoff Swaim
482,482,6-4,227,03/31/1990,Boise State,FS,George Iloka
483,483,76,250,1993-10-09,Iowa,TE,George Kittle
484,484,73,202,1993-11-03,Central Arkansas,FS,George Odum
485,485,75,240,1994-06-25,South Alabama,TE,Gerald Everett
486,486,6-2,236,01/17/1991,Penn State,ILB,Gerald Hodges
487,487,76,300,1988-02-25,Oklahoma,DT,Gerald McCoy
488,488,75,211,1992-01-10,Connecticut,WR,Geremy Davis
489,489,75,202,1994-01-18,Illinois,WR,Geronimo Allison
490,490,69,205,1991-11-22,North Carolina,HB,Giovani Bernard
491,491,6-0,207,01/15/1986,New Mexico,FS,Glover Quin
492,492,71,197,1988-08-02,Notre Dame,WR,Golden Tate
493,493,69,190,1996-01-06,Penn State,CB,Grant Haley
494,494,74,195,1994-06-25,Iowa,CB,Greg Mabin
495,495,77,255,1985-03-11,Miami,TE,Greg Olsen
496,496,72,181,1996-03-08,Virginia Tech,DB,Greg Stroman
497,497,73,238,1995-04-13,Rutgers,RB,Gus Edwards
498,498,73,211,1992-12-21,Alabama,FS,Ha Ha Clinton-Dix
499,499,73,235,1994-09-22,Temple,ILB,Haason Reddick
500,500,6-3,250,11/23/1992,Monmouth (N.J.),TE,Hakeem Valles
501,501,72,235,1994-01-05,Illinois,MLB,Hardy Nickerson
502,502,74,250,1996-06-05,Boston College,OLB,Harold Landry
503,503,75,307,1996-01-25,Stanford,DT,Harrison Phillips
504,504,74,214,1989-02-02,Notre Dame,FS,Harrison Smith
505,505,76,245,1993-08-24,South Carolina,TE,Hayden Hurst
506,506,6-0,235,04/18/1992,USC,MLB,Hayes Pullard
507,507,78,301,1991-08-03,Stanford,DE,Henry Anderson
508,508,74,196,1997-03-28,Texas,CB,Holton Hill
509,509,75,240,1994-05-21,Mississippi State,LS,Hunter Bradley
510,510,75,260,1996-06-06,Indiana,TE,Ian Thomas
511,511,71,210,1992-05-13,Northwestern,FS,Ibraheim Campbell
512,512,73,190,1996-02-20,Boston College,DB,Isaac Yiadom
513,513,71,225,1993-01-08,Alabama State,RB,Isaiah Crowell
514,514,74,195,1996-02-09,Virginia Tech,WR,Isaiah Ford
515,515,75,254,1994-06-09,San Jose State,LB,Isaiah Irving
516,516,6-0,209,10/14/1992,South Carolina,S,Isaiah Johnson
517,517,73,210,1992-05-16,Georgia Tech,DB,Isaiah Johnson
518,518,68,173,1995-04-09,Georgia,WR,Isaiah McKenzie
519,519,72,210,1996-09-30,Colorado,CB,Isaiah Oliver
520,520,69,195,1995-09-11,Southern Mississippi,RB,Ito Smith
521,521,75,205,1995-05-23,Missouri,WR,J'Mon Moore
522,522,73,198,1995-11-17,Maryland,DB,J.C. Jackson
523,523,70,195,1993-08-15,Arkansas State,RB,J.D. McKissic
524,524,5-10,174,12/06/1992,West Georgia,WR,J.J. Jones
525,525,70,160,1992-04-24,Alabama-Birmingham,WR,J.J. Nelson
526,526,77,288,1989-03-22,Wisconsin,DE,J.J. Watt
527,527,72,212,1991-02-14,Georgia Southern,FS,J.J. Wilcox
528,528,78,208,1995-10-30,Alabama,P,J.K. Scott
529,529,72,202,1996-01-18,Mississippi State,DB,J.T. Gray
530,530,74,255,1996-08-24,Purdue,LB,Ja'Whaun Bentley
531,531,75,268,1989-05-10,Pittsburgh,DE,Jabaal Sheard
532,532,71,213,1995-10-04,Michigan,FS,Jabrill Peppers
533,533,74,238,1996-05-05,Wisconsin,LB,Jack Cichy
534,534,78,262,1990-05-05,Western Kentucky,TE,Jack Doyle
535,535,76,245,1993-11-18,Wyoming,TE,Jacob Hollister
536,536,76,235,1992-12-11,North Carolina State,QB,Jacoby Brissett
537,537,5-6,205,02/06/1990,Oregon State,RB,Jacquizz Rodgers
538,538,77,255,1993-02-14,South Carolina,DE,Jadeveon Clowney
539,539,70,195,1990-01-24,Central Michigan,SS,Jahleel Addae
540,540,70,196,1997-02-09,Louisville,CB,Jaire Alexander
541,541,78,250,1995-07-11,Michigan,TE,Jake Butt
542,542,76,209,1992-02-17,Wisconsin-Whitewater,WR,Jake Kumerow
543,543,74,235,1987-12-07,Ohio State,LS,Jake McQuaide
544,544,67,169,1992-10-30,Texas Tech,WR,Jakeem Grant
545,545,70,185,1996-02-02,Utah State,CB,Jalen Davis
546,546,72,191,1994-04-06,Louisiana State,CB,Jalen Mills
547,547,73,208,1994-10-24,Florida State,CB,Jalen Ramsey
548,548,72,233,1995-01-31,Tennessee,OLB,Jalen Reeves-Maybin
549,549,68,207,1993-10-15,Southern Mississippi,RB,Jalen Richard
550,550,6-3,210,12/30/1995,Arkansas-Monticello,WR,Jalen Tolliver
551,551,5-11,199,12/27/1986,Texas,RB,Jamaal Charles
552,552,72,213,1995-04-03,Brigham Young,RB,Jamaal Williams
553,553,73,213,1995-10-17,Louisiana State,SS,Jamal Adams
554,554,70,190,1995-04-03,San Diego,CB,Jamal Agnew
555,555,71,192,1990-09-29,Boise State,CB,Jamar Taylor
556,556,76,231,1994-01-06,Florida State,QB,Jameis Winston
557,557,73,212,1993-08-04,Samford,CB,James Bradberry
558,558,72,230,1994-03-09,Louisville,OLB,James Burgess
559,559,73,233,1995-05-05,Pittsburgh,RB,James Conner
560,560,75,255,1988-07-23,Brown,FB,James Develin
561,561,76,245,1992-01-14,Illinois State,TE,James O'Shaughnessy
562,562,71,213,1996-04-02,Oklahoma State,WR,James Washington
563,563,70,205,1992-02-03,Wisconsin,RB,James White
564,564,75,255,1989-10-20,Southern Mississippi,OLB,Jamie Collins
565,565,69,177,1993-06-17,Duke,WR,Jamison Crowder
566,566,73,242,1989-04-17,North Texas,FB,Jamize Olawale
567,567,5-10,173,11/20/1993,Rutgers,WR,Janarion Grant
568,568,70,190,1988-10-29,North Alabama,CB,Janoris Jenkins
569,569,73,215,1992-02-12,Samford,FS,Jaquiski Tartt
570,570,77,254,1987-04-07,South Carolina,TE,Jared Cook
571,571,76,223,1994-10-14,California,QB,Jared Goff
572,572,70,191,1989-11-25,Arkansas,WR,Jarius Wright
573,573,75,204,1990-01-08,Clemson,WR,Jaron Brown
574,574,73,245,1994-11-16,Florida,MLB,Jarrad Davis
575,575,74,210,1994-02-09,Michigan,SS,Jarrod Wilson
576,576,71,196,1992-11-28,Louisiana State,WR,Jarvis Landry
577,577,73,235,1996-03-17,Penn State,LB,Jason Cabinda
578,578,77,246,1994-02-28,Tennessee,TE,Jason Croom
579,579,71,195,1987-08-13,Rutgers,CB,Jason McCourty
580,580,77,275,1989-01-01,South Florida,OLB,Jason Pierre-Paul
581,581,71,221,1994-02-18,Akron,OLB,Jatavis Brown
582,582,71,185,1993-07-18,Florida State,CB,Javien Elliott
583,583,74,221,1994-09-11,Georgia,WR,Javon Wims
584,584,72,218,1991-08-27,Southern California,RB,Javorius Allen
585,585,6-1,191,04/06/1995,Bethune-Cookman,WR,Jawill Davis
586,586,6-0,223,06/15/1993,Boise State,RB,Jay Ajayi
587,587,72,225,1996-07-20,North Carolina State,RB,Jaylen Samuels
588,588,74,245,1995-06-14,Notre Dame,MLB,Jaylon Smith
589,589,72,226,1995-02-26,UCLA,ILB,Jayon Brown
590,590,76,215,1994-02-11,Clemson,SS,Jayron Kearse
591,591,76,235,1993-04-23,Louisiana Tech,QB,Jeff Driskel
592,592,73,212,1991-05-14,Saginaw Valley State,SS,Jeff Heath
593,593,77,255,1992-11-24,Ohio State,TE,Jeff Heuerman
594,594,6-2,249,09/27/1995,Auburn,LB,Jeff Holland
595,595,6-2,210,01/03/1991,Emporia State,CB,Jeff Richards
596,596,72,194,1995-11-16,North Texas,RB,Jeff Wilson
597,597,74,204,1993-12-20,Michigan,WR,Jehu Chesson
598,598,75,252,1993-01-17,Georgia Tech,OLB,Jeremiah Attaochu
599,599,73,230,1992-10-20,LSU,RB,Jeremy Hill
600,600,5-9,188,11/08/1988,Texas Christian,WR,Jeremy Kerley
601,601,6-0,211,12/06/1991,Michigan State,RB,Jeremy Langford
602,602,71,205,1996-08-29,South Alabama,DB,Jeremy Reaves
603,603,77,255,1994-08-10,Arkansas,TE,Jeremy Sprinkle
604,604,72,225,1995-01-14,Maryland,LB,Jermaine Carter
605,605,6-5,260,06/16/1988,Oklahoma,TE,Jermaine Gresham
606,606,73,209,1990-02-06,Washington,WR,Jermaine Kearse
607,607,5-11,195,03/12/1993,Auburn,FS,Jermaine Whitehead
608,608,74,225,1996-12-25,Ohio State,LB,Jerome Baker
609,609,75,250,1991-05-25,Southern Connecticut State,TE,Jerome Cunningham
610,610,74,254,1988-08-13,Texas Christian,DE,Jerry Hughes
611,611,79,250,1994-06-04,Penn State,TE,Jesse James
612,612,73,200,1997-02-26,Wake Forest,S,Jessie Bates
613,613,71,193,1991-07-18,Northern Illinois,FS,Jimmie Ward
614,614,74,225,1991-11-02,Eastern Illinois,QB,Jimmy Garoppolo
615,615,79,265,1986-11-24,Miami,TE,Jimmy Graham
616,616,74,210,1988-07-26,Colorado,CB,Jimmy Smith
617,617,78,245,1985-01-16,Delaware,QB,Joe Flacco
618,618,71,195,1989-04-14,Florida,CB,Joe Haden
619,619,72,231,1994-02-21,Northwestern,LB,Joe Jones
620,620,73,220,1996-07-24,Oklahoma,HB,Joe Mixon
621,621,73,245,1993-11-06,Wisconsin,MLB,Joe Schobert
622,622,73,232,1991-05-06,South Carolina State,ILB,Joe Thomas
623,623,76,231,1986-11-14,Alabama-Birmingham,QB,Joe Webb
624,624,73,226,1995-10-12,Western Kentucky,LB,Joel Iyiegbuniwe
625,625,71,179,1990-04-03,Pittsburg State,WR,John Brown
626,626,76,288,1996-09-26,Stephen F. Austin,DE,John Franklin-Myers
627,627,72,209,1995-12-19,Boston College,SS,John Johnson
628,628,70,205,1996-10-04,Tennessee,RB,John Kelly
629,629,6-5,251,06/11/1987,Virginia,TE,John Phillips
630,630,71,194,1995-11-27,Washington,WR,John Ross
631,631,74,260,1990-10-14,Ohio State,DE,John Simon
632,632,71,185,1984-04-16,South Carolina,CB,Johnathan Joseph
633,633,77,241,1990-02-08,Oregon State,P,Johnny Hekker
634,634,75,190,1991-08-22,Cincinnati,WR,Johnny Holton
635,635,76,232,1994-11-23,Oregon,TE,Johnny Mundt
636,636,72,219,1990-07-23,Stanford,CB,Johnson Bademosi
637,637,73,245,1991-05-05,Florida,ILB,Jon Bostic
638,638,75,296,1993-10-22,Florida,DE,Jonathan Bullard
639,639,70,190,1993-09-20,Auburn,CB,Jonathan Jones
640,640,5-10,245,03/21/1987,Oregon,RB,Jonathan Stewart
641,641,72,217,1994-02-02,Arkansas,RB,Jonathan Williams
642,642,75,248,1995-08-22,Florida International,TE,Jonnu Smith
643,643,76,243,1992-04-19,Central Florida,TE,Jordan Akins
644,644,77,195,1991-03-18,Eastern Kentucky,P,Jordan Berry
645,645,71,200,1990-12-25,Towson,S,Jordan Dangerfield
646,646,75,242,1995-01-27,Oklahoma,OLB,Jordan Evans
647,647,76,240,1996-02-01,Central Florida,HB,Jordan Franks
648,648,73,236,1992-06-27,Texas,MLB,Jordan Hicks
649,649,72,224,1994-11-02,Indiana,RB,Jordan Howard
650,650,75,259,1994-07-01,Georgia,OLB,Jordan Jenkins
651,651,77,258,1995-01-31,Clemson,TE,Jordan Leggett
652,652,73,190,1993-08-02,Penn State,FS,Jordan Lucas
653,653,75,215,1992-07-16,Vanderbilt,WR,Jordan Matthews
654,654,72,191,1991-04-25,Oregon State,FS,Jordan Poyer
655,655,74,242,1990-07-03,Florida,TE,Jordan Reed
656,656,71,210,1993-01-21,Stanford,SS,Jordan Richards
657,657,77,277,1996-08-02,Mississippi State,TE,Jordan Thomas
658,658,70,198,1997-03-18,Pittsburgh,DB,Jordan Whitehead
659,659,73,217,1994-07-18,Mississippi,RB,Jordan Wilkins
660,660,6-3,217,05/31/1985,Kansas State,WR,Jordy Nelson
661,661,73,236,1994-12-25,Iowa,LB,Josey Jewell
662,662,74,225,1996-10-29,Notre Dame,RB,Josh Adams
663,663,77,237,1996-05-21,Wyoming,QB,Josh Allen
664,664,72,208,1989-05-18,Louisville,WR,Josh Bellamy
665,665,73,235,1989-08-24,Auburn,ILB,Josh Bynes
666,666,74,205,1992-12-03,Texas Christian,WR,Josh Doctson
667,667,75,225,1991-04-13,Utah,WR,Josh Gordon
668,668,76,245,1994-02-20,Louisville,ILB,Josh Harvey-Clemons
669,669,70,190,1993-01-23,East Carolina,CB,Josh Hawkins
670,670,77,250,1990-05-21,Idaho State,TE,Josh Hill
671,671,72,196,1996-04-03,Iowa,CB,Josh Jackson
672,672,6-3,219,05/15/1986,San Diego,QB,Josh Johnson
673,673,74,220,1994-09-20,North Carolina State,SS,Josh Jones
674,674,6-2,225,01/23/1993,Boston College,OLB,Josh Keyes
675,675,72,215,1990-11-19,Texas A&M,K,Josh Lambo
676,676,75,205,1996-03-21,Tennessee,WR,Josh Malone
677,677,75,245,1991-11-07,Columbia,OLB,Josh Martin
678,678,76,218,1979-07-04,Sam Houston State,QB,Josh McCown
679,679,72,200,1987-12-15,Coastal Carolina,CB,Josh Norman
680,680,75,223,1993-08-05,Washington,TE,Josh Perkins
681,681,75,196,1995-02-16,Texas A&M,WR,Josh Reynolds
682,682,5-10,200,01/08/1991,Central Florida,CB,Josh Robinson
683,683,76,215,1997-02-10,UCLA,QB,Josh Rosen
684,684,6-1,197,03/27/1992,USC,CB,Josh Shaw
685,685,75,216,1995-01-26,Tennessee,QB,Joshua Dobbs
686,686,5-11,195,06/25/1994,Auburn,CB,Joshua Holsey
687,687,70,195,1995-08-31,Michigan,CB,Jourdan Lewis
688,688,73,215,1996-11-22,Southern California,WR,JuJu Smith-Schuster
689,689,70,200,1986-05-22,Kent State,WR,Julian Edelman
690,690,73,230,1990-09-02,Wagner,ILB,Julian Stanford
691,691,75,220,1989-02-08,Alabama,WR,Julio Jones
692,692,6-7,295,01/18/1980,North Carolina,DE,Julius Peppers
693,693,71,190,1993-03-27,Tennessee,CB,Justin Coleman
694,694,6-1,199,11/11/1995,USC,RB,Justin Davis
695,695,72,199,1995-08-26,Texas A&M,SS,Justin Evans
696,696,73,200,1994-02-07,Illinois,DB,Justin Hardee
697,697,70,192,1991-12-18,East Carolina,WR,Justin Hardy
698,698,75,270,1989-01-21,Georgia,DE,Justin Houston
699,699,6-4,203,05/20/1991,Tennessee,WR,Justin Hunter
700,700,72,200,1996-04-22,Northwestern,RB,Justin Jackson
701,701,76,265,1994-12-23,Southern Methodist,DE,Justin Lawler
702,702,72,222,1993-07-05,Akron,OLB,Justin March
703,703,73,204,1997-02-15,Stanford,SS,Justin Reid
704,704,74,202,1993-11-19,Boston College,SS,Justin Simmons
705,705,75,215,1996-04-04,Pennsylvania,WR,Justin Watson
706,706,69,183,1991-07-12,Pittsburgh,CB,K'Waun Williams
707,707,76,246,1989-07-23,Mississippi State,OLB,K.J. Wright
708,708,74,231,1995-12-22,Arizona State,RB,Kalen Ballage
709,709,5-11,203,10/01/1996,Boston College,DB,Kam Moore
710,710,75,241,1994-04-27,Boise State,ILB,Kamalei Correa
711,711,6-2,216,05/30/1989,Central Florida,WR,Kamar Aiken
712,712,76,245,1992-08-20,Portland State,LS,Kameron Canaday
713,713,74,230,1994-05-16,Eastern Illinois,OLB,Kamu Grugier-Hill
714,714,5-10,203,01/10/1993,Colorado State,RB,Kapri Bibbs
715,715,71,216,1995-08-06,Toledo,RB,Kareem Hunt
716,716,70,185,1988-04-10,Alabama,CB,Kareem Jackson
717,717,78,262,1992-02-19,North Carolina,OLB,Kareem Martin
718,718,70,200,1993-09-08,West Virginia,SS,Karl Joseph
719,719,6-2,253,08/17/1989,Boston College,OLB,Kasim Edebali
720,720,72,220,1994-08-11,Central Michigan,SS,Kavon Frazier
721,721,75,315,1989-02-02,Purdue,DT,Kawann Short
722,722,71,190,1991-02-01,South Florida,CB,Kayvon Webster
723,723,73,216,1995-07-26,Florida,FS,Keanu Neal
724,724,73,194,1993-04-20,Kentucky Wesleyan,WR,Keelan Cole
725,725,74,211,1992-04-27,California,WR,Keenan Allen
726,726,5-10,191,12/13/1993,Navy,WR,Keenan Reynolds
727,727,71,196,1993-10-19,Notre Dame,CB,KeiVarae Russell
728,728,70,185,1996-04-17,Western Carolina,DB,Keion Crossen
729,729,6-1,223,07/26/1995,Washington,LB,Keishawn Bierria
730,730,5-10,219,04/18/1994,Texas A&M,RB,Keith Ford
731,731,75,210,1994-12-26,Temple,WR,Keith Kirkwood
732,732,72,240,1992-04-08,San Jose State,FB,Keith Smith
733,733,5-10,205,02/12/1989,West Virginia,FS,Keith Tandy
734,734,71,180,1997-01-14,Texas Tech,WR,Keke Coutee
735,735,6-5,245,02/05/1991,Florida State,WR,Kelvin Benjamin
736,736,6-2,249,01/02/1988,LSU,MLB,Kelvin Sheppard
737,737,72,206,1991-05-06,Central Florida,FS,Kemal Ishmael
738,738,73,180,1993-02-08,Colorado,CB,Ken Crawley
739,739,71,198,1995-02-13,Virginia Tech,CB,Kendall Fuller
740,740,73,203,1995-08-04,Eastern Washington,WR,Kendrick Bourne
741,741,6-0,205,06/16/1988,Mississippi,FS,Kendrick Lewis
742,742,69,195,1989-04-28,Oregon,RB,Kenjon Barner
743,743,70,228,1994-01-21,Louisiana Tech,RB,Kenneth Dixon
744,744,73,180,1992-05-16,Youngstown State,CB,Kenneth Durden
745,745,76,213,1993-11-03,Northern Illinois,WR,Kenny Golladay
746,746,6-0,200,06/23/1992,Vanderbilt,S,Kenny Ladler
747,747,69,190,1995-08-23,Valdosta State,CB,Kenny Moore II
748,748,73,202,1992-04-22,Oklahoma,WR,Kenny Stills
749,749,72,214,1991-02-15,Texas,SS,Kenny Vaccaro
750,750,73,235,1994-11-15,UCLA,LB,Kenny Young
751,751,71,200,1994-08-11,Louisiana Tech,SS,Kentrell Brice
752,752,73,242,1993-02-08,Missouri,MLB,Kentrell Brothers
753,753,73,211,1994-01-26,Alabama,RB,Kenyan Drake
754,754,6-1,215,09/11/1994,Arkansas,WR,Keon Hatcher
755,755,71,212,1997-06-30,Auburn,RB,Kerryon Johnson
756,756,71,212,1993-08-17,Middle Tennessee,FS,Kevin Byard
757,757,72,185,1992-08-05,Wake Forest,CB,Kevin Johnson
758,758,75,200,1995-05-05,Washington,CB,Kevin King
759,759,72,246,1990-12-03,Louisiana State,MLB,Kevin Minter
760,760,72,230,1991-10-07,Boston College,ILB,Kevin Pierre-Louis
761,761,74,199,1995-11-24,Louisiana State,DB,Kevin Toliver
762,762,75,216,1992-06-25,West Virginia,WR,Kevin White
763,763,74,205,1995-01-03,Prairie View,WR,KhaDarel Hodge
764,764,76,253,1992-01-16,Bowie State,TE,Khari Lee
765,765,75,239,1990-08-14,Oregon,OLB,Kiko Alonso
766,766,75,202,1988-08-19,Michigan State,QB,Kirk Cousins
767,767,6-2,235,12/09/1988,Idaho,MLB,Korey Toomer
768,768,71,208,1988-04-01,Ohio State,SS,Kurt Coleman
769,769,73,227,1994-08-03,Louisiana State,MLB,Kwon Alexander
770,770,75,211,1996-03-08,Houston,QB,Kyle Allen
771,771,75,250,1991-08-16,North Dakota State,OLB,Kyle Emanuel
772,772,71,194,1992-02-16,Virginia Tech,CB,Kyle Fuller
773,773,73,240,1991-04-23,Harvard,FB,Kyle Juszczyk
774,774,74,219,1995-03-17,Richmond,QB,Kyle Lauletta
775,775,73,310,1986-11-18,Mississippi State,NT,Kyle Love
776,776,78,265,1989-11-09,Notre Dame,TE,Kyle Rudolph
777,777,75,250,1991-03-26,Brigham Young,OLB,Kyle Van Noy
778,778,76,240,1989-04-26,Wake Forest,OLB,Kyle Wilber
779,779,6-1,303,06/10/1983,Louisiana State,DT,Kyle Williams
780,780,77,245,1991-11-25,Utah State,OLB,Kyler Fackrell
781,781,76,260,1994-10-11,Utah,LB,Kylie Fitts
782,782,74,216,1996-03-24,West Virginia,LB,Kyzir White
783,783,72,232,1990-01-03,Northern Iowa,ILB,L.J. Fort
784,784,73,240,1990-11-03,Virginia,MLB,LaRoy Reynolds
785,785,71,195,1992-09-24,Pittsburgh,CB,Lafayette Pitts
786,786,74,212,1997-01-07,Louisville,QB,Lamar Jackson
787,787,70,221,1991-04-25,Miami,RB,Lamar Miller
788,788,68,185,1990-11-27,Florida State,FS,Lamarcus Joyner
789,789,75,250,1988-01-30,Wisconsin,TE,Lance Kendricks
790,790,72,218,1994-01-10,Alabama,SS,Landon Collins
791,791,73,216,1995-11-26,Michigan,SS,Lano Hill
792,792,74,215,1995-06-14,Mississippi,WR,Laquon Treadwell
793,793,75,218,1983-08-31,Pittsburgh,WR,Larry Fitzgerald
794,794,75,230,1990-01-18,Central Florida,RB,Latavius Murray
795,795,73,233,1990-01-23,Nebraska,OLB,Lavonte David
796,796,6-0,247,12/05/1986,Oregon,RB,LeGarrette Blount
797,797,71,210,1988-07-12,Pittsburgh,RB,LeSean McCoy
798,798,72,203,1993-09-18,Southern Utah,CB,LeShaun Sims
799,799,78,265,1987-11-21,Marshall,TE,Lee Smith
800,800,76,256,1996-02-08,Boise State,LB,Leighton Vander Esch
801,801,72,196,1993-11-07,Oklahoma State,CB,Lenzy Pipkins
802,802,5-11,195,12/09/1984,Michigan,CB,Leon Hall
803,803,74,245,1995-10-03,Wisconsin,LB,Leon Jacobs
804,804,77,240,1992-09-08,Georgia,OLB,Leonard Floyd
805,805,72,228,1995-01-18,Louisiana State,RB,Leonard Fournette
806,806,5-10,194,03/30/1990,Iowa State,CB,Leonard Johnson
807,807,77,302,1994-06-20,Southern California,DE,Leonard Williams
808,808,6-1,215,01/24/1994,Rutgers,WR,Leonte Carroo
809,809,75,249,1990-08-26,Florida,DE,Lerentee McCray
810,810,72,179,1995-06-12,Alabama,CB,Levi Wallace
811,811,80,268,1991-07-30,Stanford,TE,Levine Toilolo
812,812,76,329,1988-10-10,East Carolina,DT,Linval Joseph
813,813,77,200,1995-07-28,Mississippi State,P,Logan Cooke
814,814,6-5,268,02/26/1987,UCLA,TE,Logan Paulsen
815,815,71,195,1991-02-09,Rutgers,CB,Logan Ryan
816,816,78,250,1991-07-01,Virginia Tech,TE,Logan Thomas
817,817,73,245,1983-05-31,California,OLB,Lorenzo Alexander
818,818,77,250,1995-12-10,Georgia,OLB,Lorenzo Carter
819,819,6-3,238,04/20/1991,Boston College,MLB,Luke Kuechly
820,820,77,253,1988-07-17,Tennessee,TE,Luke Stocker
821,821,77,254,1990-01-15,Rice,TE,Luke Willson
822,822,71,205,1995-09-16,North Carolina,CB,M.J. Stewart
823,823,70,192,1993-11-12,Clemson,CB,Mackensie Alexander
824,824,6-2,196,10/12/1995,LSU,WR,Malachi Dupre
825,825,71,222,1993-05-15,Texas,RB,Malcolm Brown
826,826,71,190,1990-03-02,West Alabama,CB,Malcolm Butler
827,827,72,204,1987-12-20,Ohio State,SS,Malcolm Jenkins
828,828,72,225,1989-07-05,Southern California,OLB,Malcolm Smith
829,829,73,212,1996-04-02,Ohio State,FS,Malik Hooker
830,830,77,290,1990-01-11,Tennessee,DT,Malik Jackson
831,831,74,240,1996-11-15,Texas,LB,Malik Jefferson
832,832,74,200,1996-01-30,Illinois,WR,Malik Turner
833,833,73,241,1991-01-26,Notre Dame,MLB,Manti Te'o
834,834,78,267,1984-05-19,UCLA,TE,Marcedes Lewis
835,835,76,216,1994-09-16,Oklahoma State,WR,Marcell Ateman
836,836,72,208,1994-06-09,Florida,FS,Marcell Harris
837,837,74,215,1996-08-07,Penn State,DB,Marcus Allen
838,838,6-2,197,02/01/1990,Rutgers,CB,Marcus Cooper
839,839,5-10,200,12/08/1988,Clemson,FS,Marcus Gilchrist
840,840,73,207,1994-08-05,Texas,WR,Marcus Johnson
841,841,76,210,1995-08-14,Hawaii,WR,Marcus Kemp
842,842,76,222,1993-10-30,Oregon,QB,Marcus Mariota
843,843,72,207,1993-03-09,Florida,FS,Marcus Maye
844,844,69,195,1991-10-03,Missouri,RB,Marcus Murphy
845,845,72,197,1993-01-09,Washington,CB,Marcus Peters
846,846,70,175,1987-09-30,Minnesota,CB,Marcus Sherels
847,847,6-3,258,03/31/1992,Louisville,LB,Marcus Smith
848,848,5-11,196,03/24/1991,North Dakota State,CB,Marcus Williams
849,849,73,195,1996-09-08,Utah,FS,Marcus Williams
850,850,80,295,1987-07-14,Southern Methodist,DT,Margus Hunt
851,851,75,260,1987-09-06,Troy,DE,Mario Addison
852,852,77,255,1995-09-06,Oklahoma,TE,Mark Andrews
853,853,74,230,1989-10-27,Alabama,ILB,Mark Barron
854,854,69,215,1989-12-21,Alabama,RB,Mark Ingram
855,855,75,239,1990-01-19,Wyoming,MLB,Mark Nzeocha
856,856,6-2,232,11/11/1986,USC,QB,Mark Sanchez
857,857,5-10,200,03/29/1997,Miami (Fla.),HB,Mark Walton
858,858,75,260,1991-03-13,Missouri,OLB,Markus Golden
859,859,5-11,185,02/07/1991,Oregon State,WR,Markus Wheaton
860,860,72,197,1996-07-08,Alabama,CB,Marlon Humphrey
861,861,72,210,1996-03-07,South Florida,RB,Marlon Mack
862,862,75,235,1995-10-21,Wake Forest,MLB,Marquel Lee
863,863,76,207,1994-10-10,South Florida,WR,Marquez Valdes-Scantling
864,864,71,207,1994-10-27,Midwestern State,SS,Marqui Christian
865,865,6-2,250,02/16/1992,Arizona,OLB,Marquis Flowers
866,866,74,235,1993-12-16,Mississippi,DE,Marquis Haynes
867,867,69,185,1990-11-19,Texas,WR,Marquise Goodwin
868,868,71,215,1986-04-22,California,RB,Marshawn Lynch
869,869,72,192,1996-05-20,Ohio State,CB,Marshon Lattimore
870,870,6-4,210,12/20/1991,Clemson,WR,Martavis Bryant
871,871,70,190,1993-04-10,Washington,WR,Marvin Hall
872,872,74,198,1990-03-12,California,WR,Marvin Jones
873,873,73,207,1984-09-03,Colorado,K,Mason Crosby
874,874,6-1,250,03/01/1989,Washington,ILB,Mason Foster
875,875,77,252,1993-11-04,Buffalo,TE,Mason Schreck
876,876,74,234,1990-09-08,Southern California,QB,Matt Barkley
877,877,70,190,1995-02-28,Georgia Southern,RB,Matt Breida
878,878,6-4,225,05/17/1982,USC,QB,Matt Cassel
879,879,5-9,205,09/03/1994,North Carolina State,RB,Matt Dayes
880,880,78,265,1995-03-26,Pittsburgh,TE,Matt Flanagan
881,881,75,261,1992-08-15,Grand Valley State,OLB,Matt Judon
882,882,78,255,1992-09-21,Illinois,TE,Matt LaCosse
883,883,79,265,1990-12-27,Eastern Kentucky,TE,Matt Lengel
884,884,6-3,265,09/21/1991,Northwest Missouri State,OLB,Matt Longacre
885,885,72,223,1994-07-28,Boston College,OLB,Matt Milano
886,886,6-1,243,07/06/1985,Western Washington,LS,Matt Overton
887,887,70,201,1984-08-10,Central Florida,K,Matt Prater
888,888,76,217,1985-05-17,Boston College,QB,Matt Ryan
889,889,78,245,1981-06-25,Virginia,QB,Matt Schaub
890,890,72,229,1995-12-12,Houston,ILB,Matthew Adams
891,891,75,310,1994-01-11,Temple,DE,Matthew Ioannidis
892,892,75,220,1988-02-07,Georgia,QB,Matthew Stafford
893,893,6-3,244,07/21/1995,Florida State,LB,Matthew Thomas
894,894,71,209,1992-07-15,Notre Dame,SS,Matthias Farley
895,895,73,193,1994-05-26,Virginia,CB,Maurice Canady
896,896,75,205,1992-11-11,California,WR,Maurice Harris
897,897,72,194,1995-06-14,Georgia,S,Maurice Smith
898,898,6-2,200,05/17/1994,Duke,WR,Max McCaffrey
899,899,76,252,1994-04-12,Minnesota,TE,Maxx Williams
900,900,73,215,1993-04-13,Wisconsin,RB,Melvin Gordon
901,901,74,247,1989-04-26,South Carolina,DE,Melvin Ingram
902,902,72,197,1990-12-31,Iowa,SS,Micah Hyde
903,903,72,244,1995-01-25,Virginia,LB,Micah Kiser
904,904,72,240,1992-02-01,Rutgers,FB,Michael Burton
905,905,6-1,215,09/14/1987,Texas Tech,WR,Michael Crabtree
906,906,74,196,1995-01-06,Brigham Young,CB,Michael Davis
907,907,6-2,220,11/27/1989,Notre Dame,WR,Michael Floyd
908,908,73,200,1996-03-04,Colorado State,WR,Michael Gallup
909,909,72,345,1992-11-06,Samford,DT,Michael Pierce
910,910,77,265,1994-05-07,Toledo,TE,Michael Roberts
911,911,75,212,1993-03-03,Ohio State,WR,Michael Thomas
912,912,71,195,1990-03-17,Stanford,SS,Michael Thomas
913,913,5-11,205,03/24/1981,Delaware,FS,Mike Adams
914,914,70,205,1995-06-30,Cincinnati,RB,Mike Boone
915,915,69,221,1993-02-19,South Carolina,RB,Mike Davis
916,916,77,231,1993-08-21,Texas A&M,WR,Mike Evans
917,917,72,198,1995-08-04,Southeast Missouri,CB,Mike Ford
918,918,78,252,1995-10-03,Penn State,TE,Mike Gesicki
919,919,5-11,210,11/01/1990,Florida,RB,Mike Gillislee
920,920,79,225,1989-12-12,North Carolina State,QB,Mike Glennon
921,921,69,184,1994-03-09,Mississippi,CB,Mike Hilton
922,922,70,191,1997-02-11,Central Florida,CB,Mike Hughes
923,923,72,232,1991-05-25,Penn State,MLB,Mike Hull
924,924,6-1,221,06/10/1987,Ohio U.,FS,Mike Mitchell
925,925,76,332,1991-05-09,Colorado State-Pueblo,DT,Mike Pennel
926,926,6-1,210,07/27/1993,Cincinnati,CB,Mike Tyson
927,927,6-0,200,08/01/1986,Mississippi,WR,Mike Wallace
928,928,76,218,1994-10-04,Clemson,WR,Mike Williams
929,929,73,207,1996-11-17,Alabama,S,Minkah Fitzpatrick
930,930,74,215,1994-08-20,North Carolina,QB,Mitchell Trubisky
931,931,77,267,1993-09-19,Virginia Commonwealth,TE,Mo Alie-Cox
932,932,74,215,1989-08-22,Rutgers,WR,Mohamed Sanu
933,933,6-2,212,12/04/1995,Michigan State,FS,Montae Nicholson
934,934,73,210,1989-01-13,Georgia Tech,SS,Morgan Burnett
935,935,76,233,1986-04-26,Tennessee,LS,Morgan Cox
936,936,71,192,1990-02-07,Louisiana State,CB,Morris Claiborne
937,937,5-11,190,08/30/1993,Memphis,WR,Mose Frazier
938,938,74,243,1992-03-24,Southern Illinois,TE,MyCole Pruitt
939,939,71,240,1990-09-28,California,OLB,Mychal Kendricks
940,940,76,272,1995-12-29,Texas A&M,DE,Myles Garrett
941,941,73,244,1995-09-03,UCLA,OLB,Myles Jack
942,942,72,244,1989-06-04,West Virginia,OLB,Najee Goode
943,943,5-11,195,07/06/1991,San Diego State,SS,Nat Berhe
944,944,74,230,1995-02-23,Nebraska,LB,Nate Gerry
945,945,72,185,1994-06-30,Temple,CB,Nate Hairston
946,946,6-2,240,03/14/1988,Penn State,ILB,Nate Stupar
947,947,78,227,1993-10-07,Indiana,QB,Nate Sudfeld
948,948,74,225,1994-05-04,Pittsburgh,QB,Nathan Peterman
949,949,71,200,1995-12-15,Wisconsin,DB,Natrell Jamerson
950,950,6-4,257,01/14/1992,"Monmouth, N.J.",TE,Neal Sterling
951,951,74,210,1990-02-11,Auburn,CB,Neiko Thorpe
952,952,72,198,1993-05-24,Southern California,WR,Nelson Agholor
953,953,74,234,1993-04-06,Marshall,OLB,Neville Hewitt
954,954,69,190,1991-04-23,Utah State,CB,Nevin Lawson
955,955,6-2,230,07/02/1992,Pittsburgh,LB,Nicholas Grigsby
956,956,72,225,1995-07-10,Greenville,ILB,Nicholas Morrow
957,957,73,250,1989-05-12,Central Michigan,FB,Nick Bellore
958,958,76,270,1993-02-17,Delaware,TE,Nick Boyle
959,959,71,225,1995-12-27,Georgia,RB,Nick Chubb
960,960,6-3,251,01/27/1995,North Dakota State,LB,Nick DeLuca
961,961,73,240,1991-08-15,Cal Poly,ILB,Nick Dzubnar
962,962,78,243,1989-01-20,Arizona,QB,Nick Foles
963,963,74,242,1993-05-26,West Virginia,ILB,Nick Kwiatkoski
964,964,73,210,1995-03-21,Southern Mississippi,QB,Nick Mullens
965,965,71,205,1996-10-16,Wisconsin,CB,Nick Nelson
966,966,75,252,1992-08-31,Florida State,TE,Nick O'Leary
967,967,6-3,265,04/12/1990,USC,OLB,Nick Perry
968,968,78,261,1993-03-06,Ohio State,TE,Nick Vannett
969,969,74,235,1993-08-20,Utah State,OLB,Nick Vigil
970,970,5-10,184,11/23/1990,Connecticut,WR,Nick Williams
971,971,68,178,1992-01-17,Southern California,CB,Nickell Robey-Coleman
972,972,74,241,1989-09-04,Florida State,OLB,Nigel Bradham
973,973,6-1,242,08/09/1989,Nebraska,TE,Niles Paul
974,974,74,225,1996-01-06,Ohio State,WR,Noah Brown
975,975,69,198,1996-11-12,North Carolina State,RB,Nyheim Hines
976,976,78,250,1994-11-18,Alabama,TE,O.J. Howard
977,977,6-4,224,04/05/1994,Connecticut,DB,Obi Melifonwu
978,978,71,198,1992-11-05,Louisiana State,WR,Odell Beckham Jr.
979,979,73,248,1997-09-12,Toledo,OLB,Ola Adeniyi
980,980,74,262,1990-10-07,Miami,DE,Olivier Vernon
981,981,76,293,1991-08-27,Miami,DT,Olsen Pierre
982,982,75,233,1995-03-21,Vanderbilt,LB,Oren Burks
983,983,5-10,196,02/10/1987,Boise State,CB,Orlando Scandrick
984,984,6-3,257,01/27/1991,Georgia,TE,Orson Charles
985,985,72,196,1993-06-01,Florida State,CB,P.J. Williams
986,986,70,180,1994-10-11,Tulane,CB,Parry Nickerson
987,987,71,215,1987-08-19,Oregon,SS,Patrick Chung
988,988,73,234,1989-04-30,South Carolina,FB,Patrick DiMarco
989,989,75,230,1995-09-17,Texas Tech,QB,Patrick Mahomes
990,990,72,227,1992-08-22,Portland State,ILB,Patrick Onwuasor
991,991,73,203,1990-07-11,Louisiana State,CB,Patrick Peterson
992,992,75,311,1994-05-27,Maine,FB,Patrick Ricard
993,993,71,191,1987-09-07,Florida State,CB,Patrick Robinson
994,994,72,180,1992-04-13,Colorado,WR,Paul Richardson
995,995,75,265,1988-12-17,Mississippi State,OLB,Pernell McPhee
996,996,75,254,1995-06-26,Stanford,LB,Peter Kalambayi
997,997,71,225,1994-02-27,Auburn,RB,Peyton Barber
998,998,71,207,1995-03-07,South Carolina,WR,Pharoh Cooper
999,999,77,228,1981-12-08,North Carolina State,QB,Philip Rivers
1000,1000,70,192,1993-01-05,Miami,WR,Phillip Dorsett
1001,1001,72,193,1991-04-04,Rice,CB,Phillip Gaines
1002,1002,68,190,1994-07-24,Colorado,RB,Phillip Lindsay
1003,1003,73,192,1990-09-08,Lindenwood,CB,Pierre Desir
1004,1004,6-0,211,08/08/1986,Mount Union,WR,Pierre Garcon
1005,1005,73,245,1994-03-09,Utah,LB,Pita Taumoepenu
1006,1006,73,255,1992-10-27,Louisville,MLB,Preston Brown
1007,1007,77,265,1992-11-17,Mississippi State,OLB,Preston Smith
1008,1008,72,204,1989-06-06,Nebraska,CB,Prince Amukamara
1009,1009,69,197,1993-01-22,Texas,SS,Quandre Diggs
1010,1010,73,209,1996-06-20,Stanford,CB,Quenton Meeks
1011,1011,74,225,1992-05-31,Nebraska,WR,Quincy Enunwa
1012,1012,74,193,1996-08-16,Florida,CB,Quincy Wilson
1013,1013,74,202,1992-07-22,Florida,CB,Quinton Dunbar
1014,1014,74,242,1995-11-17,Ohio State,LB,Raekwon McMillan
1015,1015,5-11,205,05/12/1987,South Carolina State,SS,Rafael Bush
1016,1016,70,197,1992-04-09,Purdue,RB,Raheem Mostert
1017,1017,6-2,237,08/19/1992,Georgia,ILB,Ramik Wilson
1018,1018,5-11,232,08/10/1987,North Dakota State,OLB,Ramon Humber
1019,1019,70,192,1990-08-22,Kentucky,WR,Randall Cobb
1020,1020,71,220,1996-02-02,San Diego State,RB,Rashaad Penny
1021,1021,74,234,1995-11-08,Alabama,LB,Rashaan Evans
1022,1022,73,200,1995-01-23,Tennessee,DB,Rashaan Gaulden
1023,1023,74,194,1989-10-02,Northern Illinois,CB,Rashaan Melvin
1024,1024,5-11,186,09/23/1992,Florida State,WR,Rashad Greene
1025,1025,73,198,1994-10-07,Colorado State,WR,Rashard Higgins
1026,1026,6-2,177,07/23/1995,Louisiana State,CB,Rashard Robinson
1027,1027,74,209,1995-08-29,West Virginia,CB,Rasul Douglas
1028,1028,71,197,1995-02-02,James Madison,FS,Raven Greene
1029,1029,75,220,1991-03-05,Miami,OLB,Ray-Ray Armstrong
1030,1030,69,190,1996-10-15,Clemson,WR,Ray-Ray McCloud
1031,1031,74,220,1994-01-25,Miami,SS,Rayshawn Jenkins
1032,1032,76,260,1993-04-01,Arizona,LB,Reggie Gilbert
1033,1033,5-11,210,09/21/1983,Florida,FS,Reggie Nelson
1034,1034,74,252,1993-09-23,Alabama,ILB,Reggie Ragland
1035,1035,74,235,1994-03-24,Louisiana State,LS,Reid Ferguson
1036,1036,6-1,215,02/25/1988,Georgia,SS,Reshad Jones
1037,1037,73,228,1994-04-04,Alabama,OLB,Reuben Foster
1038,1038,70,215,1990-07-02,Nebraska,RB,Rex Burkhead
1039,1039,6-5,255,10/03/1988,USC,TE,Rhett Ellison
1040,1040,69,186,1991-12-18,Purdue,SS,Ricardo Allen
1041,1041,76,257,1992-01-22,California,TE,Richard Rodgers
1042,1042,75,195,1988-03-30,Stanford,CB,Richard Sherman
1043,1043,69,185,1995-09-05,Middle Tennessee,WR,Richie James
1044,1044,6-2,309,11/23/1986,LSU,DT,Ricky Jean Francois
1045,1045,72,233,1994-04-15,Oregon State,FB,Ricky Ortiz
1046,1046,77,243,1995-03-15,Texas A&M,TE,Ricky Seals-Jones
1047,1047,6-6,280,01/07/1994,Baylor,TE,Rico Gathers
1048,1048,6-2,228,11/23/1993,Michigan State,LB,Riley Bullough
1049,1049,5-9,198,06/16/1993,Iowa,WR,Riley McCarron
1050,1050,6-0,217,10/12/1989,Nevada,WR,Rishard Matthews
1051,1051,72,198,1994-11-01,Washington State,WR,River Cracraft
1052,1052,78,265,1989-05-14,Arizona,TE,Rob Gronkowski
1053,1053,6-0,229,10/03/1992,Tulane,RB,Rob Kelley
1054,1054,75,190,1993-05-09,Temple,WR,Robby Anderson
1055,1055,70,186,1988-11-01,Southeastern Louisiana,CB,Robert Alford
1056,1056,74,196,1994-05-07,Alabama,WR,Robert Foster
1057,1057,74,213,1990-02-12,Baylor,QB,Robert Griffin III
1058,1058,6-4,314,09/19/1994,Mississippi,DT,Robert Nkemdiche
1059,1059,76,257,1990-05-18,North Carolina,DE,Robert Quinn
1060,1060,77,237,1994-04-30,Indiana State,TE,Robert Tonyan
1061,1061,70,225,1989-12-02,Utah State,RB,Robert Turbin
1062,1062,72,193,1992-04-10,Southern California,WR,Robert Woods
1063,1063,5-10,198,09/02/1995,Jacksonville State,RB,Roc Thomas
1064,1064,75,236,1992-01-10,Ohio State,RB,Rod Smith
1065,1065,6-2,195,02/09/1988,Temple,WR,Rod Streater
1066,1066,77,305,1992-01-19,Delaware State,DT,Rodney Gunter
1067,1067,70,195,1990-06-23,Virginia,FS,Rodney McLeod
1068,1068,76,263,1995-06-17,Notre Dame,DE,Romeo Okwara
1069,1069,6-0,206,08/17/1987,Newberry,FS,Ron Parker
1070,1070,71,193,1994-01-02,Florida State,CB,Ronald Darby
1071,1071,71,208,1997-08-03,Southern California,RB,Ronald Jones
1072,1072,75,214,1997-04-18,Alabama,DB,Ronnie Harrison
1073,1073,72,203,1988-11-25,California (PA),FS,Rontez Miles
1074,1074,71,248,1992-03-30,Kent State,FB,Roosevelt Nix
1075,1075,72,230,1997-04-08,Georgia,LB,Roquan Smith
1076,1076,77,240,1995-01-26,San Diego,TE,Ross Dwelley
1077,1077,72,238,1996-02-24,Oregon,RB,Royce Freeman
1078,1078,72,204,1994-11-01,Auburn,S,Rudy Ford
1079,1079,72,184,1996-01-22,Louisiana State,WR,Russell Gage
1080,1080,72,195,1990-09-17,LSU,WR,Russell Shepard
1081,1081,71,215,1988-11-29,Wisconsin,QB,Russell Wilson
1082,1082,74,253,1994-08-12,Alabama,OLB,Ryan Anderson
1083,1083,74,228,1982-11-24,Harvard,QB,Ryan Fitzpatrick
1084,1084,72,194,1990-12-19,Tulane,WR,Ryan Grant
1085,1085,78,255,1990-01-11,Connecticut,TE,Ryan Griffin
1086,1086,6-4,255,01/24/1991,Stanford,TE,Ryan Hewitt
1087,1087,76,265,1988-08-16,Purdue,OLB,Ryan Kerrigan
1088,1088,72,195,1994-04-15,Pittsburgh,CB,Ryan Lewis
1089,1089,71,190,1993-09-07,North Carolina Central,CB,Ryan Smith
1090,1090,68,185,1994-11-04,North Carolina,WR,Ryan Switzer
1091,1091,76,207,1988-07-27,Texas A&M,QB,Ryan Tannehill
1092,1092,74,208,1996-03-17,Penn State,WR,Saeed Blacknall
1093,1093,75,259,1988-09-06,Texas,OLB,Sam Acho
1094,1094,6-4,224,11/08/1987,Oklahoma,QB,Sam Bradford
1095,1095,75,225,1997-06-05,Southern California,QB,Sam Darnold
1096,1096,77,265,1995-06-29,Ohio State,DE,Sam Hubbard
1097,1097,73,222,1982-08-13,Nebraska,P,Sam Koch
1098,1098,73,211,1990-02-27,Appalachian State,P,Sam Martin
1099,1099,5-11,178,12/08/1987,Miami (Fla.),CB,Sam Shields
1100,1100,71,240,1995-09-16,Oklahoma,RB,Samaje Perine
1101,1101,6-1,210,03/31/1993,Auburn,WR,Sammie Coates
1102,1102,73,211,1993-06-14,Clemson,WR,Sammy Watkins
1103,1103,75,245,1995-05-09,Eastern Washington,OLB,Samson Ebukam
1104,1104,72,233,1997-02-09,Penn State,RB,Saquon Barkley
1105,1105,77,255,1992-04-13,Assumption,TE,Scott Simonson
1106,1106,70,205,1996-04-27,Temple,DB,Sean Chandler
1107,1107,77,255,1993-06-11,Missouri,TE,Sean Culkin
1108,1108,73,202,1993-10-23,Maryland,SS,Sean Davis
1109,1109,74,245,1986-07-22,Penn State,ILB,Sean Lee
1110,1110,78,231,1992-04-25,Oregon State,QB,Sean Mannion
1111,1111,6-3,245,01/29/1993,Princeton,TE,Seth DeValve
1112,1112,74,195,1991-02-22,West Alabama,WR,Seth Roberts
1113,1113,72,202,1994-08-05,Washington State,FS,Shalom Luani
1114,1114,5-9,205,02/23/1991,Syracuse,SS,Shamarko Thomas
1115,1115,6-3,255,05/18/1993,Missouri,DE,Shane Ray
1116,1116,6-1,240,08/21/1993,San Jose State,FB,Shane Smith
1117,1117,72,230,1994-04-21,Washington,OLB,Shaq Thompson
1118,1118,72,227,1995-07-20,Central Florida,LB,Shaquem Griffin
1119,1119,74,250,1992-11-17,Colorado State,OLB,Shaquil Barrett
1120,1120,72,198,1995-07-20,Central Florida,CB,Shaquill Griffin
1121,1121,5-11,184,04/08/1987,USC,CB,Shareece Wright
1122,1122,76,250,1995-10-01,Temple,OLB,Sharif Finch
1123,1123,72,198,1991-10-14,Florida Atlantic,SS,Sharrod Neasman
1124,1124,72,235,1995-09-11,Alabama,LB,Shaun Dion Hamilton
1125,1125,69,185,1995-12-02,Duke,RB,Shaun Wilson
1126,1126,72,210,1991-05-13,Georgia,SS,Shawn Williams
1127,1127,71,191,1995-03-20,West Virginia,WR,Shelton Gibson
1128,1128,71,203,1987-12-19,Northwestern,CB,Sherrick McManis
1129,1129,76,260,1992-03-20,Michigan State,LB,Shilique Calhoun
1130,1130,72,181,1996-05-21,Washington,CB,Sidney Jones
1131,1131,72,205,1994-08-04,Jacksonville State,DB,Siran Neal
1132,1132,74,225,1995-01-08,South Carolina,ILB,Skai Moore
1133,1133,75,280,1995-08-26,Stanford,DE,Solomon Thomas
1134,1134,71,215,1995-02-17,Georgia,RB,Sony Michel
1135,1135,70,229,1991-11-23,LSU,RB,Spencer Ware
1136,1136,6-0,195,05/13/1994,Miami (Fla.),WR,Stacy Coley
1137,1137,72,191,1993-11-29,Maryland,WR,Stefon Diggs
1138,1138,76,210,1985-06-29,North Carolina State,K,Stephen Hauschka
1139,1139,77,265,1994-03-19,Vanderbilt,DE,Stephen Weatherly
1140,1140,73,202,1990-09-19,South Carolina,CB,Stephon Gilmore
1141,1141,75,245,1992-07-28,Clemson,MLB,Stephone Anthony
1142,1142,70,201,1993-02-10,Oklahoma,WR,Sterling Shepard
1143,1143,5-11,220,01/27/1989,LSU,RB,Stevan Ridley
1144,1144,71,194,1993-01-22,Oregon State,CB,Steven Nelson
1145,1145,6-1,224,07/07/1995,USC,DB,Su'a Cravens
1146,1146,72,204,1990-07-28,Ohio,CB,T.J. Carrie
1147,1147,6-0,190,07/19/1992,Notre Dame,WR,T.J. Jones
1148,1148,71,195,1994-09-03,North Carolina,RB,T.J. Logan
1149,1149,6-2,215,01/26/1991,USC,SS,T.J. McDonald
1150,1150,76,252,1994-10-11,Wisconsin,OLB,T.J. Watt
1151,1151,73,223,1993-10-02,Alabama,RB,T.J. Yeldon
1152,1152,70,183,1989-11-14,Florida International,WR,T.Y. Hilton
1153,1153,73,224,1996-08-14,Chattanooga,ILB,Tae Davis
1154,1154,73,241,1990-04-02,Temple,OLB,Tahir Whitehead
1155,1155,72,195,1988-07-26,Eastern Washington,RB,Taiwan Jones
1156,1156,74,194,1994-12-23,Massachusetts,WR,Tajae Sharpe
1157,1157,74,265,1995-11-02,UCLA,DE,Takkarist McKinley
1158,1158,73,228,1994-12-16,Boise State,LB,Tanner Vallejo
1159,1159,79,289,1994-06-14,Villanova,DE,Tanoh Kpassagnon
1160,1160,70,192,1993-10-21,Virginia,WR,Taquan Mizzell
1161,1161,76,266,1994-03-18,Ohio,LB,Tarell Basham
1162,1162,66,191,1995-07-26,North Carolina A&T,RB,Tarik Cohen
1163,1163,71,192,1996-07-27,Weber State,CB,Taron Johnson
1164,1164,74,200,1996-08-16,Southern Mississippi,DB,Tarvarius Moore
1165,1165,73,212,1990-08-07,Wyoming,FS,Tashaun Gipson
1166,1166,70,205,1996-03-11,Ferris State,CB,Tavierre Thomas
1167,1167,68,185,1990-03-15,West Virginia,WR,Tavon Austin
1168,1168,72,208,1990-03-19,Illinois,SS,Tavon Wilson
1169,1169,69,185,1994-03-14,Temple,CB,Tavon Young
1170,1170,67,168,1991-02-17,Abilene Christian,WR,Taylor Gabriel
1171,1171,6-1,210,03/15/1993,Old Dominion,QB,Taylor Heinicke
1172,1172,74,221,1990-08-23,Brigham Young,QB,Taysom Hill
1173,1173,71,205,1995-03-02,Western Kentucky,WR,Taywan Taylor
1174,1174,71,180,1985-04-12,Ohio State,WR,Ted Ginn
1175,1175,74,215,1992-11-10,Louisville,QB,Teddy Bridgewater
1176,1176,72,204,1995-01-20,Colorado,FS,Tedric Thompson
1177,1177,72,191,12/31/1995,Florida,CB,Teez Tabor
1178,1178,6-3,215,04/11/1991,Florida State,OLB,Telvin Smith
1179,1179,77,245,1993-07-30,South Carolina State,TE,Temarrick Hemingway
1180,1180,71,190,1992-05-17,Oregon,CB,Terrance Mitchell
1181,1181,6-2,235,05/03/1993,Florida State,ILB,Terrance Smith
1182,1182,6-2,210,09/18/1989,Baylor,WR,Terrance Williams
1183,1183,73,217,1997-01-20,Virginia Tech,S,Terrell Edmunds
1184,1184,75,265,1982-10-11,Arizona State,OLB,Terrell Suggs
1185,1185,6-4,228,06/20/1989,Ohio State,WR,Terrelle Pryor
1186,1186,71,205,1992-03-02,Florida State,SS,Terrence Brooks
1187,1187,73,210,1993-04-16,Indiana,RB,Tevin Coleman
1188,1188,69,201,1991-05-04,Notre Dame,RB,Theo Riddick
1189,1189,73,235,1983-03-22,Georgia,OLB,Thomas Davis
1190,1190,76,235,1986-03-08,Southern Methodist,P,Thomas Morstead
1191,1191,76,212,1993-11-23,Utah,WR,Tim Patrick
1192,1192,70,185,07/15/1994,Arizona State,WR,Tim White
1193,1193,75,244,1993-11-12,Alabama,OLB,Tim Williams
1194,1194,73,230,1992-05-17,Sacramento State,ILB,Todd Davis
1195,1195,73,224,1994-08-03,Georgia,RB,Todd Gurley
1196,1196,76,225,1977-08-03,Michigan,QB,Tom Brady
1197,1197,6-3,288,08/30/1984,Southern Mississippi,DT,Tom Johnson
1198,1198,6-1,246,09/10/1990,Wake Forest,FB,Tommy Bohanon
1199,1199,67,168,1992-10-24,Northern Illinois,WR,Tommylee Lewis
1200,1200,72,198,1995-07-13,Alabama,CB,Tony Brown
1201,1201,71,211,1992-01-27,Oklahoma,SS,Tony Jefferson
1202,1202,6-2,192,07/02/1992,Michigan State,CB,Tony Lippett
1203,1203,70,185,1993-05-03,North Carolina A&T,CB,Tony McRae
1204,1204,6-0,205,01/26/1989,Maryland,WR,Torrey Smith
1205,1205,71,188,1995-04-10,Nevada-Las Vegas,CB,Torry McTyer
1206,1206,71,228,1992-10-24,Texas A&M,RB,Tra Carson
1207,1207,73,210,1995-02-01,Louisiana-Lafayette,DB,Tracy Walker
1208,1208,72,190,1992-07-25,Michigan State,CB,Trae Waynes
1209,1209,72,188,1988-08-20,Belhaven,CB,Tramaine Brock
1210,1210,71,191,1983-03-16,Louisiana Tech,CB,Tramon Williams
1211,1211,6-1,210,02/01/1989,Appalachian State,RB,Travaris Cadet
1212,1212,70,175,1989-12-29,Miami,WR,Travis Benjamin
1213,1213,77,260,1989-10-05,Cincinnati,TE,Travis Kelce
1214,1214,73,205,1992-06-25,North Carolina,FS,Tre Boston
1215,1215,75,203,1995-06-02,Oklahoma State,CB,Tre Flowers
1216,1216,71,185,1996-03-05,Vanderbilt,CB,Tre Herndon
1217,1217,6-0,235,08/16/1993,USC,FB,Tre Madden
1218,1218,6-0,200,12/21/1993,Shepherd,DB,Tre Sullivan
1219,1219,71,192,1995-01-16,Louisiana State,CB,Tre'Davious White
1220,1220,74,210,1996-01-07,Central Florida,WR,Tre'Quan Smith
1221,1221,6-0,232,02/10/1995,Weber State,LB,Tre'Von Johnson
1222,1222,77,250,1998-05-02,Virginia Tech,LB,Tremaine Edmunds
1223,1223,71,190,1996-07-20,Central Arkansas,WR,Tremon Smith
1224,1224,78,259,1990-12-22,Stanford,DE,Trent Murphy
1225,1225,73,219,1996-02-26,Vanderbilt,WR,Trent Sherfield
1226,1226,68,181,1994-04-30,Louisiana Tech,WR,Trent Taylor
1227,1227,71,185,1994-07-23,Virginia State,RB,Trenton Cannon
1228,1228,73,220,1990-04-18,Oklahoma,P,Tress Way
1229,1229,76,258,1995-04-01,Louisville,OLB,Trevon Young
1230,1230,71,191,1993-09-15,Penn State,CB,Trevor Williams
1231,1231,74,238,1991-10-29,Florida,TE,Trey Burton
1232,1232,74,265,1993-08-16,Arkansas,DE,Trey Flowers
1233,1233,72,200,1995-12-07,Southern Methodist,WR,Trey Quinn
1234,1234,71,184,1991-08-29,Oregon,CB,Troy Hill
1235,1235,74,213,1990-01-01,Montana,CB,Trumaine Johnson
1236,1236,72,216,1993-01-22,Stanford,RB,Ty Montgomery
1237,1237,74,203,1994-11-15,Pittsburgh,WR,Tyler Boyd
1238,1238,75,254,1995-07-30,Central Michigan,TE,Tyler Conklin
1239,1239,78,255,1990-09-08,Notre Dame,TE,Tyler Eifert
1240,1240,70,185,1993-10-07,San Jose State,RB,Tyler Ervin
1241,1241,78,257,1993-01-01,Western Kentucky,TE,Tyler Higbee
1242,1242,78,250,1992-10-15,Rutgers,TE,Tyler Kroft
1243,1243,70,182,1992-09-28,Kansas State,WR,Tyler Lockett
1244,1244,73,235,1992-12-22,Temple,ILB,Tyler Matakevich
1245,1245,5-10,188,01/26/1991,Oklahoma State,CB,Tyler Patmon
1246,1246,75,277,1995-01-30,Ohio State,DT,Tyquan Lewis
1247,1247,69,190,1992-05-13,Louisiana State,FS,Tyrann Mathieu
1248,1248,70,185,1994-03-01,West Alabama,WR,Tyreek Hill
1249,1249,76,205,1992-02-12,Western Oregon,WR,Tyrell Williams
1250,1250,73,215,1989-08-03,Virginia Tech,QB,Tyrod Taylor
1251,1251,76,254,1994-11-14,Texas,TE,Tyrone Swoopes
1252,1252,75,240,1995-05-23,Houston,OLB,Tyus Bowser
1253,1253,74,211,1994-02-16,Ohio State,DB,Tyvis Powell
1254,1254,74,251,1996-12-28,Southern California,LB,Uchenna Nwosu
1255,1255,74,239,1994-04-27,Georgia Southern,ILB,Ukeme Eligwe
1256,1256,76,267,1990-06-13,Rice,TE,Vance McDonald
1257,1257,6-3,248,01/31/1984,Maryland,TE,Vernon Davis
1258,1258,70,204,1995-06-03,Florida,CB,Vernon Hargreaves III
1259,1259,75,246,1992-07-08,Clemson,DE,Vic Beasley
1260,1260,68,178,1995-04-04,Oregon State,WR,Victor Bolden
1261,1261,75,246,1993-07-02,Wisconsin,LB,Vince Biegel
1262,1262,73,233,1989-12-27,Florida State,ILB,Vince Williams
1263,1263,6-0,240,09/06/1987,Duke,OLB,Vincent Rey
1264,1264,75,279,1988-06-30,Marshall,DE,Vinny Curry
1265,1265,77,255,1988-08-03,Nevada,TE,Virgil Green
1266,1266,76,347,1995-02-05,Washington,DT,Vita Vea
1267,1267,75,250,1989-03-26,Texas A&M,OLB,Von Miller
1268,1268,71,205,1994-12-12,Ohio State,FS,Vonn Bell
1269,1269,5-11,207,05/27/1988,Illinois,CB,Vontae Davis
1270,1270,73,255,1990-09-24,Arizona State,OLB,Vontaze Burfict
1271,1271,75,202,1996-06-09,Limestone,WR,Vyncint Smith
1272,1272,73,200,1991-06-19,Liberty,CB,Walt Aikens
1273,1273,72,210,1994-10-01,Clemson,RB,Wayne Gallman
1274,1274,70,208,1994-01-20,West Virginia,RB,Wendell Smallwood
1275,1275,72,233,1986-07-21,Kentucky,ILB,Wesley Woodyard
1276,1276,76,258,1990-07-21,Illinois,OLB,Whitney Mercilus
1277,1277,73,235,1989-09-19,Nebraska,ILB,Will Compton
1278,1278,76,267,1996-07-08,Washington,TE,Will Dissly
1279,1279,72,184,1994-04-16,Notre Dame,WR,Will Fuller
1280,1280,73,194,1994-07-29,Arizona,FS,Will Parks
1281,1281,71,186,1993-12-28,Mississippi State,S,Will Redmond
1282,1282,78,281,1991-07-31,Michigan State,DE,William Gholston
1283,1283,72,196,1992-10-27,Houston,CB,William Jackson
1284,1284,75,291,1994-03-20,Michigan,DT,Willie Henry
1285,1285,71,205,1992-10-17,Ball State,WR,Willie Snead
1286,1286,73,200,1993-07-04,Baylor,CB,Xavien Howard
1287,1287,76,261,1992-09-22,Southern California,TE,Xavier Grimble
1288,1288,73,218,1990-06-19,Florida State,CB,Xavier Rhodes
1289,1289,71,202,1995-07-26,Louisiana Tech,FS,Xavier Woods
1290,1290,74,246,1995-03-31,Maryland,DE,Yannick Ngakoue
1291,1291,76,272,1992-09-08,Kentucky,OLB,Za'Darius Smith
1292,1292,6-1,250,10/23/1989,North Carolina,ILB,Zach Brown
1293,1293,75,238,1994-12-02,Vanderbilt,ILB,Zach Cunningham
1294,1294,77,250,1990-11-10,Stanford,TE,Zach Ertz
1295,1295,73,233,1990-04-26,Southern Methodist,FB,Zach Line
1296,1296,74,214,1994-12-18,Old Dominion,WR,Zach Pascal
1297,1297,6-2,238,03/28/1991,Utah State,MLB,Zach Vigil
1298,1298,75,255,1993-01-10,Southern Methodist,LS,Zach Wood
1299,1299,5-11,224,09/13/1991,South Dakota,RB,Zach Zenner
1300,1300,72,236,1996-07-02,Syracuse,ILB,Zaire Franklin
1301,1301,74,200,1995-03-30,East Carolina,WR,Zay Jones
1302,1302,74,214,1996-06-09,Washington,LB,Zeke Turner
