index,height,weight,birthDate,collegeName,position,displayName
0,72,191,8/16/1991,Central Florida,CB,A.J. Bouye
1,77,240,9/20/1991,Arkansas,TE,A.J. Derby
2,76,210,7/31/1988,Georgia,WR,A.J. Green
3,73,240,7/30/1991,Iowa State,OLB,A.J. Klein
4,71,202,12/15/1995,Mississippi,DB,A.J. Moore
5,72,220,9/13/1990,Alabama,QB,AJ McCarron
6,69,191,10/2/1991,Oklahoma,CB,Aaron Colvin
7,77,208,12/2/1994,Texas-El Paso,RB,Aaron Jones
8,74,285,2/8/1993,South Florida,OLB,Aaron Lynch
9,74,225,12/2/1983,California,QB,Aaron Rodgers
10,76,242,7/8/1993,UCLA,OLB,Aaron Wallace
11,77,318,9/8/1991,Georgia,NT,Abry Jones
12,71,300,4/12/1994,Vanderbilt,DT,Adam Butler
13,70,195,6/24/1993,Clemson,WR,Adam Humphries
14,78,185,9/30/1983,West Virginia,CB,Adam Jones
15,74,257,10/24/1994,Ashland,TE,Adam Shaheen
16,72,200,8/22/1990,Minn. State-Mankato,WR,Adam Thielen
17,75,230,9/21/1990,Florida Atlantic,MLB,Adarius Taylor
18,71,205,11/7/1996,Virginia Tech,CB,Adonis Alexander
19,72,185,9/18/1995,Southern California,CB,Adoree' Jackson
20,75,214,4/29/1993,Penn State,FS,Adrian Amos
21,74,280,7/6/1988,Iowa,DE,Adrian Clayborn
22,73,205,10/6/1993,Miami,FS,Adrian Colbert
23,71,220,3/21/1985,Oklahoma,RB,Adrian Peterson
24,75,210,3/28/1992,Texas,SS,Adrian Phillips
25,72,195,3/21/1995,Colorado,CB,Ahkello Witherspoon
26,75,227,12/15/1994,Oklahoma,ILB,Ahmad Thomas
27,73,215,8/29/1992,San Jose State,CB,Akeem King
28,76,352,11/16/1989,"Regina, Can.",DT,Akiem Hicks
29,73,235,7/2/1993,Memphis,TE,Alan Cross
30,74,235,6/4/1986,Marshall,OLB,Albert McClellan
31,69,195,7/12/1992,Georgia State,WR,Albert Wilson
32,70,185,9/24/1988,Southern Methodist,WR,Aldrick Robinson
33,75,250,9/25/1991,Georgia,LB,Alec Ogletree
34,75,240,9/22/1994,Florida,OLB,Alex Anzalone
35,74,255,5/17/1994,West Georgia,RB,Alex Armah
36,70,208,8/26/1994,Arkansas,RB,Alex Collins
37,72,195,11/6/1992,Wisconsin,WR,Alex Erickson
38,76,213,5/7/1984,Utah,QB,Alex Smith
39,74,225,4/27/1991,LSU,RB,Alfred Blue
40,70,222,12/12/1988,Florida Atlantic,RB,Alfred Morris
41,75,195,11/12/1991,Miami,WR,Allen Hurns
42,77,227,12/11/1995,Iowa State,WR,Allen Lazard
43,74,220,8/24/1993,Penn State,WR,Allen Robinson
44,76,218,9/29/1992,Toledo,WR,Alonzo Russell
45,75,218,2/14/1990,South Carolina,WR,Alshon Jeffery
46,70,215,7/25/1995,Tennessee,RB,Alvin Kamara
47,73,211,6/17/1994,Alabama,WR,Amari Cooper
48,69,203,6/13/1993,Nebraska,RB,Ameer Abdullah
49,70,195,5/30/1992,Vanderbilt,FS,Andre Hal
50,76,210,6/16/1988,Hillsdale,WR,Andre Holmes
51,71,195,1/9/1988,Citadel,WR,Andre Roberts
52,72,240,4/20/1997,North Carolina,LB,Andre Smith
53,71,202,10/28/1992,Connecticut,FS,Andrew Adams
54,74,235,9/17/1991,Vanderbilt,LS,Andrew East
55,76,240,9/12/1989,Stanford,QB,Andrew Luck
56,73,210,9/9/1987,Rice,SS,Andrew Sendejo
57,74,220,10/29/1987,Texas Christian,QB,Andy Dalton
58,73,238,5/23/1993,Nebraska,RB,Andy Janovich
59,73,215,6/28/1994,Jacksonville,WR,Andy Jones
60,71,178,11/30/1994,Alabama,CB,Anthony Averett
61,77,255,3/18/1992,UCLA,OLB,Anthony Barr
62,71,196,12/15/1993,Purdue,CB,Anthony Brown
63,75,255,12/10/1992,Miami,OLB,Anthony Chickillo
64,74,246,2/19/1995,Harvard,TE,Anthony Firkser
65,73,202,10/9/1991,Virginia,FS,Anthony Harris
66,72,235,6/10/1992,Iowa,MLB,Anthony Hitchens
67,71,207,3/27/1987,Tennessee State,DB,Anthony Levine
68,71,199,10/9/1994,Memphis,WR,Anthony Miller
69,70,242,12/11/1988,Connecticut,FB,Anthony Sherman
70,73,230,8/8/1995,Northwestern,ILB,Anthony Walker
71,71,201,7/27/1984,Howard,FS,Antoine Bethea
72,72,219,2/27/1991,Virginia Tech,FS,Antone Exum
73,70,185,7/10/1988,Central Michigan,WR,Antonio Brown
74,71,200,1/9/1997,Florida,WR,Antonio Callaway
75,76,255,6/18/1980,Kent State,TE,Antonio Gates
76,73,241,12/6/1994,Florida,ILB,Antonio Morrison
77,78,256,5/28/1993,"Laval, Can.",TE,Antony Auclair
78,73,209,2/13/1986,Kansas,CB,Aqib Talib
79,77,240,5/3/1996,Louisiana State,DE,Arden Key
80,71,205,3/19/1996,Texas A&M,DB,Armani Watts
81,70,190,7/13/1993,Memphis,CB,Arthur Maulet
82,72,197,5/1/1995,Miami,CB,Artie Burns
83,77,228,2/3/1997,Florida State,WR,Auden Tate
84,72,240,1/10/1994,Villanova,LB,Austin Calitro
85,73,195,12/25/1993,Northwestern,WR,Austin Carr
86,70,200,5/17/1995,"Western State, Colo.",RB,Austin Ekeler
87,76,254,10/29/1994,Stanford,TE,Austin Hooper
88,76,314,5/8/1994,Penn State,NT,Austin Johnson
89,77,262,9/29/1992,Washington,TE,Austin Seferian-Jenkins
90,73,246,3/9/1992,Kentucky,ILB,Avery Williamson
91,69,184,3/31/1996,Pittsburgh,CB,Avonte Maddox
92,75,229,10/31/1994,Illinois State,MLB,B.J. Bello
93,73,242,5/29/1993,Clemson,ILB,B.J. Goodson
94,71,190,5/3/1990,William & Mary,CB,B.W. Webb
95,73,215,4/14/1995,Oklahoma,QB,Baker Mayfield
96,77,235,10/4/1990,Louisiana State,OLB,Barkevious Mingo
97,74,218,2/11/1988,Toledo,SS,Barry Church
98,71,195,1/30/1992,Clemson,CB,Bashaud Breeland
99,76,260,1/25/1990,Missouri,LS,Beau Brinkley
100,75,247,2/7/1994,Harvard,TE,Ben Braunecker
101,74,244,10/16/1994,Michigan,OLB,Ben Gedeon
102,76,240,4/17/1988,Fresno State,OLB,Ben Jacobs
103,77,258,4/9/1993,Notre Dame,TE,Ben Koyack
104,74,233,7/27/1995,Iowa,LB,Ben Niemann
105,77,240,3/2/1982,"Miami, O.",QB,Ben Roethlisberger
106,76,257,11/19/1992,Mississippi State,ILB,Benardrick McKinney
107,72,195,9/3/1991,San Jose State,CB,Bene' Benwikere
108,75,255,12/18/1980,Georgia,TE,Benjamin Watson
109,73,218,6/10/1991,Michigan State,WR,Bennie Fowler
110,74,315,12/28/1989,LSU,NT,Bennie Logan
111,70,218,7/7/1990,Middle Tennessee State,RB,Benny Cunningham
112,75,265,8/3/1991,Idaho,DE,Benson Mayowa
113,75,313,9/14/1996,Delaware,DT,Bilal Nichols
114,70,204,10/27/1988,Louisville,RB,Bilal Powell
115,77,235,10/15/1989,Missouri,QB,Blaine Gabbert
116,72,238,5/27/1994,Ohio,OLB,Blair Brown
117,78,252,8/7/1991,Oklahoma,TE,Blake Bell
118,77,236,4/28/1992,Central Florida,QB,Blake Bortles
119,70,191,8/8/1993,Auburn,SS,Blake Countess
120,77,260,7/16/1994,Oklahoma State,TE,Blake Jarwin
121,74,237,1/9/1994,Stanford,ILB,Blake Martinez
122,73,190,12/5/1989,Connecticut,CB,Blidi Wreh-Wilson
123,71,192,8/18/1993,Memphis,CB,Bobby McCain
124,72,242,6/27/1990,Utah State,MLB,Bobby Wagner
125,69,186,1/25/1995,Florida State,WR,Bobo Wilson
126,76,275,6/24/1996,North Carolina State,DE,Bradley Chubb
127,70,205,12/14/1992,Texas Tech,WR,Bradley Marquez
128,73,215,11/15/1990,Kansas,SS,Bradley McDougald
129,71,194,5/1/1992,Ohio State,CB,Bradley Roby
130,70,183,9/25/1993,Oregon State,WR,Brandin Cooks
131,71,220,1/26/1990,Mississippi,RB,Brandon Bolden
132,72,210,5/19/1986,Grand Valley State,CB,Brandon Carr
133,74,197,9/8/1994,Virginia Tech,CB,Brandon Facyson
134,75,210,11/4/1986,LSU,WR,Brandon LaFell
135,77,232,3/23/1984,Central Florida,WR,Brandon Marshall
136,73,245,9/10/1989,Nevada,ILB,Brandon Marshall
137,68,189,9/12/1995,Florida,WR,Brandon Powell
138,72,220,7/22/1993,South Carolina,RB,Brandon Wilds
139,73,200,9/9/1992,Texas A&M,CB,Brandon Williams
140,72,336,2/21/1989,Missouri Southern,DT,Brandon Williams
141,70,200,7/27/1994,Houston,S,Brandon Wilson
142,74,215,3/25/1993,"Concordia, Minn",WR,Brandon Zylstra
143,75,285,12/18/1995,Mississippi,LB,Breeland Speaks
144,76,263,7/31/1993,Stanford,OLB,Brennan Scarlett
145,70,185,7/19/1983,Shippensburg,CB,Brent Grimes
146,79,300,5/5/1991,Virginia,DE,Brent Urban
147,74,215,9/10/1993,Central Florida,WR,Breshad Perriman
148,74,214,2/17/1986,Toledo,P,Brett Kern
149,73,219,11/9/1995,Wyoming,HB,Brian Hill
150,74,215,10/13/1985,Michigan State,QB,Brian Hoyer
151,76,257,7/31/1986,Texas,OLB,Brian Orakpo
152,76,265,5/30/1992,"Albany, N.Y.",TE,Brian Parker
153,76,240,10/31/1988,Northwestern (Ia),ILB,Brian Peters
154,70,211,10/20/1992,Florida,CB,Brian Poole
155,75,215,6/5/1989,Appalachian State,WR,Brian Quick
156,75,211,1/29/1990,San Diego State,WR,Brice Butler
157,69,193,1/21/1993,Minnesota,CB,Briean Boddy-Calhoun
158,79,240,11/22/1990,Arizona State,QB,Brock Osweiler
159,74,240,2/19/1988,North Carolina,ILB,Bruce Carter
160,69,200,8/22/1991,South Carolina,WR,Bruce Ellington
161,75,250,11/1/1987,West Virginia,LB,Bruce Irvin
162,75,205,10/6/1988,California,P,Bryan Anger
163,69,188,10/23/1991,Rice,CB,Bryce Callahan
164,73,237,5/4/1992,Baylor,ILB,Bryce Hager
165,74,225,10/23/1989,Troy,FS,Brynden Trawick
166,76,269,2/12/1993,Kentucky,OLB,Bud Dupree
167,70,195,1/10/1996,Washington,FS,Budda Baker
168,73,218,3/27/1996,Florida Atlantic,RB,Buddy Howell
169,69,185,4/26/1989,Chattanooga,CB,Buster Skrine
170,72,205,9/26/1992,Connecticut,CB,Byron Jones
171,69,215,2/13/1994,Oregon,RB,Byron Marshall
172,68,225,2/10/1991,California,RB,C.J. Anderson
173,74,215,11/16/1993,Iowa,QB,C.J. Beathard
174,75,190,2/4/1990,"California, Pa.",CB,C.J. Goodwin
175,71,235,7/22/1993,"Augustana, S.D.",FB,C.J. Ham
176,74,250,6/19/1992,Alabama,ILB,C.J. Mosley
177,73,225,5/20/1994,Notre Dame,RB,C.J. Prosise
178,78,260,1/14/1993,Auburn,TE,C.J. Uzomah
179,80,300,9/1/1986,Miami,DE,Calais Campbell
180,73,190,12/20/1994,Alabama,WR,Calvin Ridley
181,77,245,5/11/1989,Auburn,QB,Cam Newton
182,72,201,12/16/1995,Virginia Tech,WR,Cam Phillips
183,70,215,6/23/1990,Auburn,RB,Cameron Artis-Payne
184,68,175,12/20/1995,Texas Tech,WR,Cameron Batson
185,77,245,7/3/1991,Harvard,TE,Cameron Brate
186,77,295,5/6/1989,Ohio State,DT,Cameron Heyward
187,76,287,7/10/1989,California,DE,Cameron Jordan
188,72,229,8/4/1993,Syracuse,OLB,Cameron Lynch
189,75,207,9/21/1992,Illinois State,WR,Cameron Meredith
190,71,188,2/27/1995,Tennessee,CB,Cameron Sutton
191,69,195,4/10/1988,South Carolina,CB,Captain Munnerlyn
192,79,275,4/12/1993,Penn State,OLB,Carl Nassib
193,78,285,2/28/1989,Florida,DE,Carlos Dunlap
194,72,229,9/20/1990,Ohio State,RB,Carlos Hyde
195,73,206,12/31/1996,Auburn,CB,Carlton Davis
196,77,237,12/30/1992,North Dakota State,QB,Carson Wentz
197,73,215,2/17/1988,Houston,QB,Case Keenum
198,71,192,9/9/1989,Vanderbilt,CB,Casey Hayward
199,73,250,8/13/1990,Iowa,LS,Casey Kreiter
200,75,252,11/17/1992,Auburn,LB,Cassanova McKinzy
201,70,185,6/1/1994,Northern Illinois,WR,Chad Beebe
202,75,222,7/2/1985,Michigan,QB,Chad Henne
203,74,204,10/19/1994,Grambling,WR,Chad Williams
204,77,265,2/27/1990,Syracuse,OLB,Chandler Jones
205,71,189,8/7/1996,Georgia State,CB,Chandon Sullivan
206,70,205,6/2/1991,Abilene Christian,RB,Charcandrick West
207,75,246,2/13/1989,Tulsa,TE,Charles Clay
208,74,209,10/16/1992,Clemson,WR,Charone Peake
209,73,195,5/16/1996,Middle Tennessee,CB,Charvarius Ward
210,75,246,8/29/1993,Southern Illinois,OLB,Chase Allen
211,72,229,10/7/1986,Missouri,QB,Chase Daniel
212,69,210,4/13/1996,Fordham,RB,Chase Edmonds
213,72,184,1/12/1994,Grambling State,WR,Chester Rogers
214,72,202,5/24/1995,Colorado,CB,Chidobe Awuzie
215,70,207,2/26/1990,Southern Methodist,SS,Chris Banjo
216,74,230,7/23/1995,North Dakota State,LB,Chris Board
217,74,185,3/16/1991,Rice,K,Chris Boswell
218,71,222,9/16/1994,Oklahoma State,RB,Chris Carson
219,75,205,10/25/1992,Georgia,WR,Chris Conley
220,74,203,2/23/1989,California,SS,Chris Conte
221,73,209,2/27/1996,Penn State,WR,Chris Godwin
222,70,199,6/18/1989,Kansas,CB,Chris Harris
223,76,252,2/23/1996,Miami,TE,Chris Herndon
224,73,210,10/24/1987,"Monmouth, N.J.",WR,Chris Hogan
225,72,223,3/22/1988,Tiffin University,RB,Chris Ivory
226,75,205,1/28/1996,Oklahoma State,WR,Chris Lacy
227,78,255,4/10/1992,Canisius,TE,Chris Manhertz
228,71,190,9/15/1992,Georgia Tech,CB,Chris Milton
229,73,200,6/16/1993,Cincinnati,WR,Chris Moore
230,68,195,10/20/1990,Florida State,RB,Chris Thompson
231,77,300,8/25/1993,Michigan,DE,Chris Wormley
232,74,305,10/16/1993,Rice,DT,Christian Covington
233,75,250,2/18/1991,Florida State,ILB,Christian Jones
234,71,200,11/18/1996,Texas A&M,WR,Christian Kirk
235,74,235,8/31/1992,Iowa,OLB,Christian Kirksey
236,71,205,6/7/1996,Stanford,RB,Christian McCaffrey
237,72,205,4/19/1995,Virginia Tech,FS,Chuck Clark
238,75,255,5/14/1986,Southern California,OLB,Clay Matthews
239,72,205,6/2/1993,Illinois,FS,Clayton Fejedelem
240,74,216,6/1/1992,Central Florida,FS,Clayton Geathers
241,74,297,1/6/1987,Memphis,DT,Clinton McDonald
242,76,252,10/1/1991,Miami,TE,Clive Walford
243,75,205,4/17/1994,Mississippi,WR,Cody Core
244,74,203,6/6/1989,Texas Tech,FS,Cody Davis
245,73,215,5/11/1993,Southern California,QB,Cody Kessler
246,75,222,10/10/1992,Indiana,WR,Cody Latimer
247,73,213,4/19/1995,California-Davis,P,Colby Wadman
248,68,174,4/26/1989,Southern Methodist,WR,Cole Beasley
249,78,257,11/30/1993,Incarnate Word,TE,Cole Wick
250,72,205,10/27/1987,Texas Christian,FS,Colin Jones
251,73,212,9/5/1986,Texas,QB,Colt McCoy
252,71,224,10/27/1990,California-Davis,P,Colton Schmidt
253,76,255,10/15/1986,Cincinnati,OLB,Connor Barwin
254,74,208,6/15/1993,Eastern Washington,WR,Cooper Kupp
255,74,238,3/17/1991,Tennessee,WR,Cordarrelle Patterson
256,73,200,11/19/1993,Clemson,CB,Cordrea Tankersley
257,72,208,9/13/1996,New Mexico,P,Corey Bojorquez
258,70,220,11/2/1994,Wisconsin,RB,Corey Clement
259,71,185,7/6/1994,Baylor,WR,Corey Coleman
260,75,209,1/11/1995,Western Michigan,WR,Corey Davis
261,72,196,7/25/1985,New Hampshire,FS,Corey Graham
262,71,203,12/19/1991,Auburn,RB,Corey Grant
263,74,200,1/28/1993,Georgia,SS,Corey Moore
264,73,222,12/23/1993,Louisiana State,LB,Corey Thompson
265,70,185,10/9/1994,Miami,CB,Corn Elder
266,72,185,9/22/1995,Southern Mississippi,CB,Cornell Armstrong
267,75,228,11/18/1993,Washington,ILB,Cory Littleton
268,71,187,11/15/1988,Clemson,CB,Coty Sensabaugh
269,76,216,10/10/1995,Southern Methodist,WR,Courtland Sutton
270,73,234,2/11/1988,North Texas,OLB,Craig Robertson
271,70,190,7/25/1994,Florida Atlantic,CB,Cre'von LeBlanc
272,72,190,7/18/1992,Fresno State,FS,Curtis Riley
273,71,195,8/11/1996,Ohio State,WR,Curtis Samuel
274,70,200,11/29/1993,Alabama,CB,Cyrus Jones
275,74,236,4/24/1996,Texas,RB,D'Onta Foreman
276,76,233,9/30/1991,Oregon State,OLB,D.J. Alexander
277,71,198,9/23/1996,Louisiana State,WR,D.J. Chark
278,71,190,6/27/1990,Houston,CB,D.J. Hayden
279,75,215,4/14/1997,Maryland,WR,D.J. Moore
280,69,347,7/1/1994,Clemson,DT,D.J. Reader
281,70,193,11/11/1996,Kansas State,DB,D.J. Reed
282,73,205,9/1/1991,South Carolina,FS,D.J. Swearinger
283,72,205,8/8/1995,Fresno State,WR,Da'Mari Scott
284,71,205,11/16/1988,North Carolina,SS,Da'Norris Searcy
285,73,206,3/10/1995,Penn State,WR,DaeSean Hamilton
286,74,238,7/29/1993,Mississippi State,QB,Dak Prescott
287,77,256,1/3/1995,South Dakota State,TE,Dallas Goedert
288,70,195,8/8/1994,Utah State,DB,Dallin Leavitt
289,77,242,7/11/1996,Stanford,TE,Dalton Schultz
290,70,210,8/10/1995,Florida State,RB,Dalvin Cook
291,71,196,8/29/1992,Arizona State,CB,Damarious Randall
292,71,224,4/3/1992,Oklahoma,RB,Damien Williams
293,72,243,5/28/1993,Minnesota,OLB,Damien Wilson
294,69,180,1/27/1993,South Carolina,WR,Damiere Byrd
295,74,200,4/16/1995,Texas A&M,WR,Damion Ratley
296,75,350,11/29/1988,William Penn,DT,Damon Harrison
297,71,190,6/5/1993,San Diego State,SS,Damontae Kazee
298,78,220,3/15/1995,Wisconsin-Platteville,TE,Dan Arnold
299,73,209,4/27/1995,Arizona,DB,Dane Cruikshank
300,77,247,5/26/1992,James Madison,TE,Daniel Brown
301,74,208,3/5/1990,Brigham Young,SS,Daniel Sorensen
302,71,185,11/2/1985,Texas Tech,WR,Danny Amendola
303,69,190,11/17/1995,Southern U.,DB,Danny Johnson
304,72,239,3/24/1990,Kentucky,ILB,Danny Trevathan
305,72,239,10/26/1993,Northwestern,FB,Danny Vitale
306,75,255,8/3/1994,Florida,OLB,Dante Fowler Jr.
307,73,195,10/23/1995,Washington,WR,Dante Pettis
308,71,225,11/27/1990,Auburn,ILB,Daren Bates
309,71,214,8/4/1988,South Carolina,FS,Darian Stewart
310,69,187,3/15/1993,Alabama-Birmingham,CB,Darious Williams
311,72,230,12/1/1993,Eastern Michigan,RB,Darius Jackson
312,70,180,6/28/1992,Virginia,WR,Darius Jennings
313,75,320,12/14/1991,Maryland,DT,Darius Kilgo
314,74,230,7/27/1995,South Carolina State,LB,Darius Leonard
315,70,190,6/26/1995,Western Michigan,CB,Darius Phillips
316,72,190,1/1/1991,Mississippi State,CB,Darius Slay
317,71,205,10/10/1991,Michigan State,CB,Darqueze Dennard
318,71,224,4/15/1995,Louisiana State,RB,Darrel Williams
319,75,256,11/22/1994,Washington,TE,Darrell Daniels
320,79,270,4/22/1986,California-Irvine,TE,Darren Fells
321,66,190,6/20/1983,Kansas State,RB,Darren Sproles
322,78,255,9/13/1992,Georgia Tech,TE,Darren Waller
323,74,210,2/26/1987,Maryland,WR,Darrius Heyward-Bey
324,73,232,10/18/1994,Ohio State,ILB,Darron Lee
325,72,182,11/26/1990,Marshall,CB,Darryl Roberts
326,72,180,3/19/1995,Texas Southern,WR,Darvin Kidsy
327,73,215,2/22/1995,West Virginia,CB,Daryl Worley
328,73,215,12/24/1992,Fresno State,WR,Davante Adams
329,73,229,6/17/1994,Arkansas,RB,Dave Williams
330,73,205,12/8/1991,North Carolina State,CB,David Amerson
331,71,224,1/28/1992,Toledo,RB,David Fluellen
332,77,265,2/4/1994,North Carolina State,TE,David Grinnage
333,73,224,12/16/1991,Northern Iowa,RB,David Johnson
334,74,240,8/8/1993,Texas State,MLB,David Mayo
335,72,215,1/15/1995,East Central,WR,David Moore
336,76,265,5/19/1993,Texas-San Antonio,TE,David Morgan
337,76,246,7/10/1996,Miami,TE,David Njoku
338,72,195,7/10/1989,New Mexico State,CB,Davon House
339,67,208,11/24/1992,Coastal Carolina,RB,De'Angelo Henderson Sr.
340,68,176,1/5/1993,Oregon,WR,De'Anthony Thomas
341,71,214,8/23/1995,Alcorn State,RB,De'Lance Turner
342,71,190,6/30/1994,Texas A&M,CB,De'Vante Harris
343,75,232,7/1/1993,Minnesota,OLB,De'Vondre Campbell
344,73,190,4/10/1993,Sacramento State,WR,DeAndre Carter
345,68,212,6/6/1992,Clemson,WR,DeAndre Hopkins
346,73,202,4/13/1993,William & Mary,FS,DeAndre Houston-Carson
347,72,210,2/22/1993,Texas Tech,RB,DeAndre Washington
348,68,175,12/1/1986,California,WR,DeSean Jackson
349,74,216,6/28/1989,Portland State,CB,DeShawn Shead
350,72,235,1/3/1996,Notre Dame,QB,DeShone Kizer
351,71,190,1/15/1993,Pittsburg State,CB,DeVante Bausby
352,74,216,1/20/1993,Louisville,WR,DeVante Parker
353,73,208,7/25/1992,James Madison,DB,Dean Marlowe
354,74,205,7/12/1994,Kansas State,CB,Deante Burton
355,74,176,11/21/1993,Oklahoma,WR,Dede Westbrook
356,74,193,2/20/1995,Miami,CB,Dee Delaney
357,73,252,3/19/1991,Auburn,DE,Dee Ford
358,74,227,11/4/1994,Louisiana State,MLB,Deion Jones
359,75,206,5/31/1994,Northern Iowa,CB,Deiondre' Hall
360,79,245,3/3/1988,Florida State,OLB,Dekoda Watson
361,77,248,8/12/1984,Central Missouri State,TE,Delanie Walker
362,71,203,9/21/1994,Florida,WR,Demarcus Robinson
363,72,248,1/11/1989,Arkansas State,ILB,Demario Davis
364,71,225,12/25/1987,Georgia Tech,WR,Demaryius Thomas
365,72,230,7/29/1991,Wisconsin-Milwaukee,TE,Demetrius Harris
366,75,285,7/15/1990,Mississippi State,DT,Denico Autry
367,73,240,12/5/1992,Miami,ILB,Denzel Perryman
368,72,185,3/31/1993,Coastal Carolina,DB,Denzel Rice
369,72,191,4/28/1997,Ohio State,CB,Denzel Ward
370,78,200,8/14/1993,Miami,SS,Deon Bush
371,75,235,7/18/1990,West Alabama,OLB,Deon Lacey
372,75,211,8/30/1992,Washington State,ILB,Deone Bucannon
373,74,186,10/4/1997,Southern California,WR,Deontay Burnett
374,72,204,2/14/1989,Florida,WR,Deonte Thompson
375,75,235,6/15/1983,Oregon State,QB,Derek Anderson
376,75,210,3/28/1991,Fresno State,QB,Derek Carr
377,74,240,7/25/1990,Beloit,TE,Derek Carrier
378,70,234,11/7/1992,Wisconsin,FB,Derek Watt
379,76,233,10/18/1990,UCLA,FB,Derrick Coleman
380,76,247,1/4/1994,Alabama,RB,Derrick Henry
381,74,245,11/22/1982,Texas,ILB,Derrick Johnson
382,70,188,12/4/1994,Mississippi,CB,Derrick Jones
383,74,210,12/15/1993,Texas Christian,SS,Derrick Kindred
384,74,261,1/6/1989,Georgia Tech,OLB,Derrick Morgan
385,72,207,10/17/1994,Texas Tech,WR,Derrick Willies
386,76,215,8/3/1996,Florida State,SS,Derwin James
387,70,221,9/14/1995,Clemson,QB,Deshaun Watson
388,72,203,2/22/1992,Texas A&M,SS,Deshazor Everett
389,70,201,12/14/1994,Iowa,CB,Desmond King
390,74,190,9/10/1990,Washington,CB,Desmond Trufant
391,73,210,3/6/1994,Western Carolina,RB,Detrez Newsome
392,75,236,7/3/1993,Oklahoma,OLB,Devante Bond
393,76,225,5/21/1994,Michigan,WR,Devin Funchess
394,70,195,8/13/1987,Rutgers,FS,Devin McCourty
395,75,256,6/24/1991,Southern California,OLB,Devon Kennard
396,68,206,3/15/1992,Florida State,RB,Devonta Freeman
397,71,219,5/27/1992,Utah,RB,Devontae Booker
398,70,190,4/8/1991,Maryland,CB,Dexter McDougle
399,68,195,9/27/1990,Pittsburgh,RB,Dion Lewis
400,76,268,2/18/1991,Michigan State,TE,Dion Sims
401,height,263,4/28/1992,Florida,OLB,Dominique Easley
402,74,178,12/13/1994,Utah,CB,Dominique Hatfield
403,70,205,4/7/1986,Tennessee State,CB,Dominique Rodgers-Cromartie
404,74,258,8/17/1981,Texas A&M,LS,Don Muhlbach
405,76,237,10/13/1996,Western Michigan,TE,Donnie Ernsberger
406,74,260,3/12/1990,Alabama,MLB,Dont'a Hightower
407,75,200,12/1/1991,North Carolina State,CB,Dontae Johnson
408,74,180,11/8/1995,Louisiana State,CB,Donte Jackson
409,70,215,8/6/1993,Mississippi,WR,Donte Moncrief
410,74,159,1/28/1994,Boise State,CB,Donte' Deayon
411,69,202,2/26/1995,Tulane,RB,Dontrell Hilliard
412,71,205,1/31/1989,Virginia,WR,Dontrelle Inman
413,75,220,9/4/1994,Clemson,LB,Dorian O'Daniel
414,73,192,9/21/1988,Stanford,WR,Doug Baldwin
415,70,210,1/13/1989,Boise State,RB,Doug Martin
416,69,210,9/25/1993,Appalachian State,S,Doug Middleton
417,72,190,10/26/1989,Alabama,CB,Dre Kirkpatrick
418,74,209,1/15/1979,Purdue,QB,Drew Brees
419,72,255,4/24/1995,Wake Forest,LB,Duke Ejiofor
420,76,210,9/23/1993,Miami,RB,Duke Johnson
421,69,230,8/9/1994,Louisiana State,OLB,Duke Riley
422,73,260,8/9/1995,Notre Dame,TE,Durham Smythe
423,78,205,1/24/1991,Rutgers,FS,Duron Harmon
424,73,260,2/24/1990,Clemson,TE,Dwayne Allen
425,76,215,9/16/1987,East Carolina,WR,Dwayne Harris
426,70,223,4/24/1994,Washington,RB,Dwayne Washington
427,73,237,5/19/1994,Missouri State,ILB,Dylan Cole
428,72,199,11/30/1993,Michigan,DB,Dymonte Thomas
429,74,191,2/23/1992,Missouri,CB,E.J. Gaines
430,70,202,5/7/1989,Texas,FS,Earl Thomas
431,70,250,7/25/1987,Oregon,TE,Ed Dickson
432,76,318,1/6/1994,Florida State,NT,Eddie Goldman
433,75,202,12/10/1993,Alabama,FS,Eddie Jackson
434,72,210,12/17/1988,Oregon,SS,Eddie Pleasant
435,70,259,4/24/1993,Wyoming,DE,Eddie Yarbrough
436,75,238,4/22/1994,Houston,MLB,Elandon Roberts
437,72,203,8/9/1995,Ohio State,CB,Eli Apple
438,73,243,1/20/1994,Virginia,DE,Eli Harold
439,75,218,1/3/1981,Mississippi,QB,Eli Manning
440,77,187,12/23/1992,Louisville,WR,Eli Rogers
441,70,229,2/8/1996,Kansas State,LB,Elijah Lee
442,74,214,6/1/1994,Louisiana-Lafayette,RB,Elijah McGuire
443,70,234,8/17/1993,Idaho,RB,Elijhaa Penny
444,73,245,6/8/1989,Kansas State,OLB,Emmanuel Lamur
445,76,180,3/17/1987,Southern Methodist,WR,Emmanuel Sanders
446,71,214,9/30/1996,Notre Dame,WR,Equanimeous St. Brown
447,77,212,12/29/1988,Tennessee,SS,Eric Berry
448,72,253,4/10/1993,North Carolina,TE,Eric Ebron
449,76,232,2/29/1992,UCLA,MLB,Eric Kendricks
450,72,255,8/6/1994,South Florida,DE,Eric Lee
451,75,199,1/7/1994,Minnesota,FS,Eric Murray
452,71,215,12/10/1991,Louisiana State,SS,Eric Reid
453,73,205,10/3/1992,Utah,CB,Eric Rowe
454,73,253,5/1/1994,Drake,TE,Eric Saubert
455,77,263,4/22/1992,Texas-El Paso,TE,Eric Tomlinson
456,78,195,1/4/1985,Utah,FS,Eric Weddle
457,71,230,9/26/1994,Cincinnati,OLB,Eric Wilson
458,73,220,4/2/1990,"California, Pa.",SS,Erik Harris
459,74,255,5/8/1992,Miami,TE,Erik Swoope
460,76,240,9/2/1994,Mississippi,TE,Evan Engram
461,75,273,12/22/1987,Southern California,DE,Everson Griffen
462,75,228,7/22/1995,Ohio State,RB,Ezekiel Elliott
463,72,204,4/9/1994,UCLA,CB,Fabian Moreau
464,72,215,8/2/1995,Yale,LB,Foye Oluokun
465,74,260,6/14/1993,Michigan,DE,Frank Clark
466,75,212,5/14/1983,Miami,RB,Frank Gore
467,69,254,3/5/1987,Central Michigan,OLB,Frank Zombo
468,75,235,9/19/1996,Washington State,LB,Frankie Luvu
469,75,230,11/19/1996,Brigham Young,LB,Fred Warner
470,75,195,9/7/1991,North Greenville,WR,Freddie Martino
471,72,255,3/29/1991,Purdue,TE,Gabe Holmes
472,77,190,6/29/1995,Ohio State,CB,Gareon Conley
473,72,252,5/29/1988,Michigan State,TE,Garrett Celek
474,77,248,12/30/1995,Northwestern,TE,Garrett Dickerson
475,75,230,7/1/1991,Southern Methodist,QB,Garrett Gilbert
476,76,240,7/31/1985,Florida State,LS,Garrison Sanborn
477,73,208,2/24/1993,Alabama,WR,Gehrig Dieter
478,75,250,4/26/1995,Memphis,LB,Genard Avery
479,72,265,6/4/1992,Oklahoma,DE,Geneo Grissom
480,76,221,10/10/1990,West Virginia,QB,Geno Smith
481,75,260,9/16/1993,Texas,TE,Geoff Swaim
482,76,227,3/31/1990,Boise State,FS,George Iloka
483,76,250,10/9/1993,Iowa,TE,George Kittle
484,76,202,11/3/1993,Central Arkansas,FS,George Odum
485,73,240,6/25/1994,South Alabama,TE,Gerald Everett
486,75,236,1/17/1991,Penn State,ILB,Gerald Hodges
487,74,300,2/25/1988,Oklahoma,DT,Gerald McCoy
488,76,211,1/10/1992,Connecticut,WR,Geremy Davis
489,75,202,1/18/1994,Illinois,WR,Geronimo Allison
490,75,205,11/22/1991,North Carolina,HB,Giovani Bernard
491,69,207,1/15/1986,New Mexico,FS,Glover Quin
492,72,197,8/2/1988,Notre Dame,WR,Golden Tate
493,71,190,1/6/1996,Penn State,CB,Grant Haley
494,69,195,6/25/1994,Iowa,CB,Greg Mabin
495,74,255,3/11/1985,Miami,TE,Greg Olsen
496,77,181,3/8/1996,Virginia Tech,DB,Greg Stroman
497,72,238,4/13/1995,Rutgers,RB,Gus Edwards
498,73,211,12/21/1992,Alabama,FS,Ha Ha Clinton-Dix
499,73,235,9/22/1994,Temple,ILB,Haason Reddick
500,73,250,11/23/1992,Monmouth (N.J.),TE,Hakeem Valles
501,75,235,1/5/1994,Illinois,MLB,Hardy Nickerson
502,72,250,6/5/1996,Boston College,OLB,Harold Landry
503,74,307,1/25/1996,Stanford,DT,Harrison Phillips
504,75,214,2/2/1989,Notre Dame,FS,Harrison Smith
505,74,245,8/24/1993,South Carolina,TE,Hayden Hurst
506,76,235,4/18/1992,USC,MLB,Hayes Pullard
507,72,301,8/3/1991,Stanford,DE,Henry Anderson
508,78,196,3/28/1997,Texas,CB,Holton Hill
509,74,240,5/21/1994,Mississippi State,LS,Hunter Bradley
510,75,260,6/6/1996,Indiana,TE,Ian Thomas
511,75,210,5/13/1992,Northwestern,FS,Ibraheim Campbell
512,71,190,2/20/1996,Boston College,DB,Isaac Yiadom
513,73,225,1/8/1993,Alabama State,RB,Isaiah Crowell
514,71,195,2/9/1996,Virginia Tech,WR,Isaiah Ford
515,74,254,6/9/1994,San Jose State,LB,Isaiah Irving
516,75,209,10/14/1992,South Carolina,S,Isaiah Johnson
517,73,210,5/16/1992,Georgia Tech,DB,Isaiah Johnson
518,72,173,4/9/1995,Georgia,WR,Isaiah McKenzie
519,68,210,9/30/1996,Colorado,CB,Isaiah Oliver
520,72,195,9/11/1995,Southern Mississippi,RB,Ito Smith
521,69,205,5/23/1995,Missouri,WR,J'Mon Moore
522,73,198,11/17/1995,Maryland,DB,J.C. Jackson
523,70,195,8/15/1993,Arkansas State,RB,J.D. McKissic
524,70,174,12/6/1992,West Georgia,WR,J.J. Jones
525,70,160,4/24/1992,Alabama-Birmingham,WR,J.J. Nelson
526,77,288,3/22/1989,Wisconsin,DE,J.J. Watt
527,72,212,2/14/1991,Georgia Southern,FS,J.J. Wilcox
528,78,208,10/30/1995,Alabama,P,J.K. Scott
529,72,202,1/18/1996,Mississippi State,DB,J.T. Gray
530,75,255,8/24/1996,Purdue,LB,Ja'Whaun Bentley
531,74,268,5/10/1989,Pittsburgh,DE,Jabaal Sheard
532,75,213,10/4/1995,Michigan,FS,Jabrill Peppers
533,71,238,5/5/1996,Wisconsin,LB,Jack Cichy
534,74,262,5/5/1990,Western Kentucky,TE,Jack Doyle
535,78,245,11/18/1993,Wyoming,TE,Jacob Hollister
536,76,235,12/11/1992,North Carolina State,QB,Jacoby Brissett
537,76,205,2/6/1990,Oregon State,RB,Jacquizz Rodgers
538,66,255,2/14/1993,South Carolina,DE,Jadeveon Clowney
539,77,195,1/24/1990,Central Michigan,SS,Jahleel Addae
540,70,196,2/9/1997,Louisville,CB,Jaire Alexander
541,70,250,7/11/1995,Michigan,TE,Jake Butt
542,78,209,2/17/1992,Wisconsin-Whitewater,WR,Jake Kumerow
543,76,235,12/7/1987,Ohio State,LS,Jake McQuaide
544,74,169,10/30/1992,Texas Tech,WR,Jakeem Grant
545,67,185,2/2/1996,Utah State,CB,Jalen Davis
546,70,191,4/6/1994,Louisiana State,CB,Jalen Mills
547,72,208,10/24/1994,Florida State,CB,Jalen Ramsey
548,73,233,1/31/1995,Tennessee,OLB,Jalen Reeves-Maybin
549,72,207,10/15/1993,Southern Mississippi,RB,Jalen Richard
550,68,210,12/30/1995,Arkansas-Monticello,WR,Jalen Tolliver
551,75,199,12/27/1986,Texas,RB,Jamaal Charles
552,71,213,4/3/1995,Brigham Young,RB,Jamaal Williams
553,72,213,10/17/1995,Louisiana State,SS,Jamal Adams
554,73,190,4/3/1995,San Diego,CB,Jamal Agnew
555,70,192,9/29/1990,Boise State,CB,Jamar Taylor
556,71,231,1/6/1994,Florida State,QB,Jameis Winston
557,76,212,8/4/1993,Samford,CB,James Bradberry
558,73,230,3/9/1994,Louisville,OLB,James Burgess
559,72,233,5/5/1995,Pittsburgh,RB,James Conner
560,73,255,7/23/1988,Brown,FB,James Develin
561,75,245,1/14/1992,Illinois State,TE,James O'Shaughnessy
562,76,213,4/2/1996,Oklahoma State,WR,James Washington
563,71,205,2/3/1992,Wisconsin,RB,James White
564,70,255,10/20/1989,Southern Mississippi,OLB,Jamie Collins
565,75,177,6/17/1993,Duke,WR,Jamison Crowder
566,69,242,4/17/1989,North Texas,FB,Jamize Olawale
567,73,173,11/20/1993,Rutgers,WR,Janarion Grant
568,70,190,10/29/1988,North Alabama,CB,Janoris Jenkins
569,70,215,2/12/1992,Samford,FS,Jaquiski Tartt
570,73,254,4/7/1987,South Carolina,TE,Jared Cook
571,77,223,10/14/1994,California,QB,Jared Goff
572,76,191,11/25/1989,Arkansas,WR,Jarius Wright
573,70,204,1/8/1990,Clemson,WR,Jaron Brown
574,75,245,11/16/1994,Florida,MLB,Jarrad Davis
575,73,210,2/9/1994,Michigan,SS,Jarrod Wilson
576,74,196,11/28/1992,Louisiana State,WR,Jarvis Landry
577,71,235,3/17/1996,Penn State,LB,Jason Cabinda
578,73,246,2/28/1994,Tennessee,TE,Jason Croom
579,77,195,8/13/1987,Rutgers,CB,Jason McCourty
580,71,275,1/1/1989,South Florida,OLB,Jason Pierre-Paul
581,77,221,2/18/1994,Akron,OLB,Jatavis Brown
582,71,185,7/18/1993,Florida State,CB,Javien Elliott
583,71,221,9/11/1994,Georgia,WR,Javon Wims
584,74,218,8/27/1991,Southern California,RB,Javorius Allen
585,72,191,4/6/1995,Bethune-Cookman,WR,Jawill Davis
586,73,223,6/15/1993,Boise State,RB,Jay Ajayi
587,72,225,7/20/1996,North Carolina State,RB,Jaylen Samuels
588,72,245,6/14/1995,Notre Dame,MLB,Jaylon Smith
589,74,226,2/26/1995,UCLA,ILB,Jayon Brown
590,72,215,2/11/1994,Clemson,SS,Jayron Kearse
591,76,235,4/23/1993,Louisiana Tech,QB,Jeff Driskel
592,76,212,5/14/1991,Saginaw Valley State,SS,Jeff Heath
593,73,255,11/24/1992,Ohio State,TE,Jeff Heuerman
594,77,249,9/27/1995,Auburn,LB,Jeff Holland
595,74,210,1/3/1991,Emporia State,CB,Jeff Richards
596,74,194,11/16/1995,North Texas,RB,Jeff Wilson
597,72,204,12/20/1993,Michigan,WR,Jehu Chesson
598,74,252,1/17/1993,Georgia Tech,OLB,Jeremiah Attaochu
599,75,230,10/20/1992,LSU,RB,Jeremy Hill
600,73,188,11/8/1988,Texas Christian,WR,Jeremy Kerley
601,69,211,12/6/1991,Michigan State,RB,Jeremy Langford
602,72,205,8/29/1996,South Alabama,DB,Jeremy Reaves
603,71,255,8/10/1994,Arkansas,TE,Jeremy Sprinkle
604,77,225,1/14/1995,Maryland,LB,Jermaine Carter
605,72,260,6/16/1988,Oklahoma,TE,Jermaine Gresham
606,77,209,2/6/1990,Washington,WR,Jermaine Kearse
607,73,195,3/12/1993,Auburn,FS,Jermaine Whitehead
608,71,225,12/25/1996,Ohio State,LB,Jerome Baker
609,74,250,5/25/1991,Southern Connecticut State,TE,Jerome Cunningham
610,75,254,8/13/1988,Texas Christian,DE,Jerry Hughes
611,74,250,6/4/1994,Penn State,TE,Jesse James
612,79,200,2/26/1997,Wake Forest,S,Jessie Bates
613,73,193,7/18/1991,Northern Illinois,FS,Jimmie Ward
614,71,225,11/2/1991,Eastern Illinois,QB,Jimmy Garoppolo
615,74,265,11/24/1986,Miami,TE,Jimmy Graham
616,79,210,7/26/1988,Colorado,CB,Jimmy Smith
617,74,245,1/16/1985,Delaware,QB,Joe Flacco
618,78,195,4/14/1989,Florida,CB,Joe Haden
619,71,231,2/21/1994,Northwestern,LB,Joe Jones
620,72,220,7/24/1996,Oklahoma,HB,Joe Mixon
621,73,245,11/6/1993,Wisconsin,MLB,Joe Schobert
622,73,232,5/6/1991,South Carolina State,ILB,Joe Thomas
623,73,231,11/14/1986,Alabama-Birmingham,QB,Joe Webb
624,76,226,10/12/1995,Western Kentucky,LB,Joel Iyiegbuniwe
625,73,179,4/3/1990,Pittsburg State,WR,John Brown
626,71,288,9/26/1996,Stephen F. Austin,DE,John Franklin-Myers
627,76,209,12/19/1995,Boston College,SS,John Johnson
628,72,205,10/4/1996,Tennessee,RB,John Kelly
629,70,251,6/11/1987,Virginia,TE,John Phillips
630,77,194,11/27/1995,Washington,WR,John Ross
631,71,260,10/14/1990,Ohio State,DE,John Simon
632,74,185,4/16/1984,South Carolina,CB,Johnathan Joseph
633,71,241,2/8/1990,Oregon State,P,Johnny Hekker
634,77,190,8/22/1991,Cincinnati,WR,Johnny Holton
635,75,232,11/23/1994,Oregon,TE,Johnny Mundt
636,76,219,7/23/1990,Stanford,CB,Johnson Bademosi
637,72,245,5/5/1991,Florida,ILB,Jon Bostic
638,73,296,10/22/1993,Florida,DE,Jonathan Bullard
639,75,190,9/20/1993,Auburn,CB,Jonathan Jones
640,70,245,3/21/1987,Oregon,RB,Jonathan Stewart
641,70,217,2/2/1994,Arkansas,RB,Jonathan Williams
642,72,248,8/22/1995,Florida International,TE,Jonnu Smith
643,75,243,4/19/1992,Central Florida,TE,Jordan Akins
644,76,195,3/18/1991,Eastern Kentucky,P,Jordan Berry
645,77,200,12/25/1990,Towson,S,Jordan Dangerfield
646,71,242,1/27/1995,Oklahoma,OLB,Jordan Evans
647,75,240,2/1/1996,Central Florida,HB,Jordan Franks
648,76,236,6/27/1992,Texas,MLB,Jordan Hicks
649,73,224,11/2/1994,Indiana,RB,Jordan Howard
650,72,259,7/1/1994,Georgia,OLB,Jordan Jenkins
651,75,258,1/31/1995,Clemson,TE,Jordan Leggett
652,77,190,8/2/1993,Penn State,FS,Jordan Lucas
653,73,215,7/16/1992,Vanderbilt,WR,Jordan Matthews
654,75,191,4/25/1991,Oregon State,FS,Jordan Poyer
655,72,242,7/3/1990,Florida,TE,Jordan Reed
656,74,210,1/21/1993,Stanford,SS,Jordan Richards
657,71,277,8/2/1996,Mississippi State,TE,Jordan Thomas
658,77,198,3/18/1997,Pittsburgh,DB,Jordan Whitehead
659,70,217,7/18/1994,Mississippi,RB,Jordan Wilkins
660,73,217,5/31/1985,Kansas State,WR,Jordy Nelson
661,75,236,12/25/1994,Iowa,LB,Josey Jewell
662,73,225,10/29/1996,Notre Dame,RB,Josh Adams
663,74,237,5/21/1996,Wyoming,QB,Josh Allen
664,77,208,5/18/1989,Louisville,WR,Josh Bellamy
665,72,235,8/24/1989,Auburn,ILB,Josh Bynes
666,73,205,12/3/1992,Texas Christian,WR,Josh Doctson
667,74,225,4/13/1991,Utah,WR,Josh Gordon
668,75,245,2/20/1994,Louisville,ILB,Josh Harvey-Clemons
669,76,190,1/23/1993,East Carolina,CB,Josh Hawkins
670,70,250,5/21/1990,Idaho State,TE,Josh Hill
671,77,196,4/3/1996,Iowa,CB,Josh Jackson
672,72,219,5/15/1986,San Diego,QB,Josh Johnson
673,75,220,9/20/1994,North Carolina State,SS,Josh Jones
674,74,225,1/23/1993,Boston College,OLB,Josh Keyes
675,74,215,11/19/1990,Texas A&M,K,Josh Lambo
676,72,205,3/21/1996,Tennessee,WR,Josh Malone
677,75,245,11/7/1991,Columbia,OLB,Josh Martin
678,75,218,7/4/1979,Sam Houston State,QB,Josh McCown
679,76,200,12/15/1987,Coastal Carolina,CB,Josh Norman
680,72,223,8/5/1993,Washington,TE,Josh Perkins
681,75,196,2/16/1995,Texas A&M,WR,Josh Reynolds
682,75,200,1/8/1991,Central Florida,CB,Josh Robinson
683,70,215,2/10/1997,UCLA,QB,Josh Rosen
684,76,197,3/27/1992,USC,CB,Josh Shaw
685,73,216,1/26/1995,Tennessee,QB,Joshua Dobbs
686,75,195,6/25/1994,Auburn,CB,Joshua Holsey
687,71,195,8/31/1995,Michigan,CB,Jourdan Lewis
688,70,215,11/22/1996,Southern California,WR,JuJu Smith-Schuster
689,73,200,5/22/1986,Kent State,WR,Julian Edelman
690,70,230,9/2/1990,Wagner,ILB,Julian Stanford
691,73,220,2/8/1989,Alabama,WR,Julio Jones
692,75,295,1/18/1980,North Carolina,DE,Julius Peppers
693,79,190,3/27/1993,Tennessee,CB,Justin Coleman
694,71,199,11/11/1995,USC,RB,Justin Davis
695,73,199,8/26/1995,Texas A&M,SS,Justin Evans
696,72,200,2/7/1994,Illinois,DB,Justin Hardee
697,73,192,12/18/1991,East Carolina,WR,Justin Hardy
698,70,270,1/21/1989,Georgia,DE,Justin Houston
699,75,203,5/20/1991,Tennessee,WR,Justin Hunter
700,76,200,4/22/1996,Northwestern,RB,Justin Jackson
701,72,265,12/23/1994,Southern Methodist,DE,Justin Lawler
702,76,222,7/5/1993,Akron,OLB,Justin March
703,72,204,2/15/1997,Stanford,SS,Justin Reid
704,73,202,11/19/1993,Boston College,SS,Justin Simmons
705,74,215,4/4/1996,Pennsylvania,WR,Justin Watson
706,75,183,7/12/1991,Pittsburgh,CB,K'Waun Williams
707,76,246,7/23/1989,Mississippi State,OLB,K.J. Wright
708,69,231,12/22/1995,Arizona State,RB,Kalen Ballage
709,74,203,10/1/1996,Boston College,DB,Kam Moore
710,71,241,4/27/1994,Boise State,ILB,Kamalei Correa
711,75,216,5/30/1989,Central Florida,WR,Kamar Aiken
712,74,245,8/20/1992,Portland State,LS,Kameron Canaday
713,76,230,5/16/1994,Eastern Illinois,OLB,Kamu Grugier-Hill
714,74,203,1/10/1993,Colorado State,RB,Kapri Bibbs
715,70,216,8/6/1995,Toledo,RB,Kareem Hunt
716,71,185,4/10/1988,Alabama,CB,Kareem Jackson
717,70,262,2/19/1992,North Carolina,OLB,Kareem Martin
718,78,200,9/8/1993,West Virginia,SS,Karl Joseph
719,70,253,8/17/1989,Boston College,OLB,Kasim Edebali
720,74,220,8/11/1994,Central Michigan,SS,Kavon Frazier
721,72,315,2/2/1989,Purdue,DT,Kawann Short
722,75,190,2/1/1991,South Florida,CB,Kayvon Webster
723,71,216,7/26/1995,Florida,FS,Keanu Neal
724,73,194,4/20/1993,Kentucky Wesleyan,WR,Keelan Cole
725,73,211,4/27/1992,California,WR,Keenan Allen
726,74,191,12/13/1993,Navy,WR,Keenan Reynolds
727,70,196,10/19/1993,Notre Dame,CB,KeiVarae Russell
728,70,185,4/17/1996,Western Carolina,DB,Keion Crossen
729,73,223,7/26/1995,Washington,LB,Keishawn Bierria
730,70,219,4/18/1994,Texas A&M,RB,Keith Ford
731,75,210,12/26/1994,Temple,WR,Keith Kirkwood
732,72,240,4/8/1992,San Jose State,FB,Keith Smith
733,70,205,2/12/1989,West Virginia,FS,Keith Tandy
734,71,180,1/14/1997,Texas Tech,WR,Keke Coutee
735,71,245,2/5/1991,Florida State,WR,Kelvin Benjamin
736,77,249,1/2/1988,LSU,MLB,Kelvin Sheppard
737,74,206,5/6/1991,Central Florida,FS,Kemal Ishmael
738,72,180,2/8/1993,Colorado,CB,Ken Crawley
739,73,198,2/13/1995,Virginia Tech,CB,Kendall Fuller
740,71,203,8/4/1995,Eastern Washington,WR,Kendrick Bourne
741,73,205,6/16/1988,Mississippi,FS,Kendrick Lewis
742,72,195,4/28/1989,Oregon,RB,Kenjon Barner
743,69,228,1/21/1994,Louisiana Tech,RB,Kenneth Dixon
744,70,180,5/16/1992,Youngstown State,CB,Kenneth Durden
745,73,213,11/3/1993,Northern Illinois,WR,Kenny Golladay
746,76,200,6/23/1992,Vanderbilt,S,Kenny Ladler
747,72,190,8/23/1995,Valdosta State,CB,Kenny Moore II
748,69,202,4/22/1992,Oklahoma,WR,Kenny Stills
749,73,214,2/15/1991,Texas,SS,Kenny Vaccaro
750,72,235,11/15/1994,UCLA,LB,Kenny Young
751,73,200,8/11/1994,Louisiana Tech,SS,Kentrell Brice
752,71,242,2/8/1993,Missouri,MLB,Kentrell Brothers
753,73,211,1/26/1994,Alabama,RB,Kenyan Drake
754,73,215,9/11/1994,Arkansas,WR,Keon Hatcher
755,73,212,6/30/1997,Auburn,RB,Kerryon Johnson
756,71,212,8/17/1993,Middle Tennessee,FS,Kevin Byard
757,71,185,8/5/1992,Wake Forest,CB,Kevin Johnson
758,72,200,5/5/1995,Washington,CB,Kevin King
759,75,246,12/3/1990,Louisiana State,MLB,Kevin Minter
760,72,230,10/7/1991,Boston College,ILB,Kevin Pierre-Louis
761,72,199,11/24/1995,Louisiana State,DB,Kevin Toliver
762,74,216,6/25/1992,West Virginia,WR,Kevin White
763,75,205,1/3/1995,Prairie View,WR,KhaDarel Hodge
764,74,253,1/16/1992,Bowie State,TE,Khari Lee
765,76,239,8/14/1990,Oregon,OLB,Kiko Alonso
766,75,202,8/19/1988,Michigan State,QB,Kirk Cousins
767,75,235,12/9/1988,Idaho,MLB,Korey Toomer
768,74,208,4/1/1988,Ohio State,SS,Kurt Coleman
769,71,227,8/3/1994,Louisiana State,MLB,Kwon Alexander
770,73,211,3/8/1996,Houston,QB,Kyle Allen
771,75,250,8/16/1991,North Dakota State,OLB,Kyle Emanuel
772,75,194,2/16/1992,Virginia Tech,CB,Kyle Fuller
773,71,240,4/23/1991,Harvard,FB,Kyle Juszczyk
774,73,219,3/17/1995,Richmond,QB,Kyle Lauletta
775,74,310,11/18/1986,Mississippi State,NT,Kyle Love
776,73,265,11/9/1989,Notre Dame,TE,Kyle Rudolph
777,78,250,3/26/1991,Brigham Young,OLB,Kyle Van Noy
778,75,240,4/26/1989,Wake Forest,OLB,Kyle Wilber
779,76,303,6/10/1983,Louisiana State,DT,Kyle Williams
780,73,245,11/25/1991,Utah State,OLB,Kyler Fackrell
781,77,260,10/11/1994,Utah,LB,Kylie Fitts
782,76,216,3/24/1996,West Virginia,LB,Kyzir White
783,74,232,1/3/1990,Northern Iowa,ILB,L.J. Fort
784,72,240,11/3/1990,Virginia,MLB,LaRoy Reynolds
785,71,195,9/24/1992,Pittsburgh,CB,Lafayette Pitts
786,74,212,1/7/1997,Louisville,QB,Lamar Jackson
787,70,221,4/25/1991,Miami,RB,Lamar Miller
788,68,185,11/27/1990,Florida State,FS,Lamarcus Joyner
789,75,250,1/30/1988,Wisconsin,TE,Lance Kendricks
790,72,218,1/10/1994,Alabama,SS,Landon Collins
791,73,216,11/26/1995,Michigan,SS,Lano Hill
792,74,215,6/14/1995,Mississippi,WR,Laquon Treadwell
793,73,218,8/31/1983,Pittsburgh,WR,Larry Fitzgerald
794,75,230,1/18/1990,Central Florida,RB,Latavius Murray
795,75,233,1/23/1990,Nebraska,OLB,Lavonte David
796,73,247,12/5/1986,Oregon,RB,LeGarrette Blount
797,78,210,7/12/1988,Pittsburgh,RB,LeSean McCoy
798,72,203,9/18/1993,Southern Utah,CB,LeShaun Sims
799,76,265,11/21/1987,Marshall,TE,Lee Smith
800,72,256,2/8/1996,Boise State,LB,Leighton Vander Esch
801,71,196,11/7/1993,Oklahoma State,CB,Lenzy Pipkins
802,74,195,12/9/1984,Michigan,CB,Leon Hall
803,77,245,10/3/1995,Wisconsin,LB,Leon Jacobs
804,72,240,9/8/1992,Georgia,OLB,Leonard Floyd
805,70,228,1/18/1995,Louisiana State,RB,Leonard Fournette
806,77,194,3/30/1990,Iowa State,CB,Leonard Johnson
807,73,302,6/20/1994,Southern California,DE,Leonard Williams
808,75,215,1/24/1994,Rutgers,WR,Leonte Carroo
809,71,249,8/26/1990,Florida,DE,Lerentee McCray
810,72,179,6/12/1995,Alabama,CB,Levi Wallace
811,72,268,7/30/1991,Stanford,TE,Levine Toilolo
812,80,329,10/10/1988,East Carolina,DT,Linval Joseph
813,76,200,7/28/1995,Mississippi State,P,Logan Cooke
814,77,268,2/26/1987,UCLA,TE,Logan Paulsen
815,77,195,2/9/1991,Rutgers,CB,Logan Ryan
816,71,250,7/1/1991,Virginia Tech,TE,Logan Thomas
817,78,245,5/31/1983,California,OLB,Lorenzo Alexander
818,73,250,12/10/1995,Georgia,OLB,Lorenzo Carter
819,77,238,4/20/1991,Boston College,MLB,Luke Kuechly
820,75,253,7/17/1988,Tennessee,TE,Luke Stocker
821,77,254,1/15/1990,Rice,TE,Luke Willson
822,77,205,9/16/1995,North Carolina,CB,M.J. Stewart
823,71,192,11/12/1993,Clemson,CB,Mackensie Alexander
824,70,196,10/12/1995,LSU,WR,Malachi Dupre
825,74,222,5/15/1993,Texas,RB,Malcolm Brown
826,71,190,3/2/1990,West Alabama,CB,Malcolm Butler
827,71,204,12/20/1987,Ohio State,SS,Malcolm Jenkins
828,72,225,7/5/1989,Southern California,OLB,Malcolm Smith
829,72,212,4/2/1996,Ohio State,FS,Malik Hooker
830,73,290,1/11/1990,Tennessee,DT,Malik Jackson
831,77,240,11/15/1996,Texas,LB,Malik Jefferson
832,74,200,1/30/1996,Illinois,WR,Malik Turner
833,74,241,1/26/1991,Notre Dame,MLB,Manti Te'o
834,73,267,5/19/1984,UCLA,TE,Marcedes Lewis
835,78,216,9/16/1994,Oklahoma State,WR,Marcell Ateman
836,76,208,6/9/1994,Florida,FS,Marcell Harris
837,72,215,8/7/1996,Penn State,DB,Marcus Allen
838,74,197,2/1/1990,Rutgers,CB,Marcus Cooper
839,74,200,12/8/1988,Clemson,FS,Marcus Gilchrist
840,70,207,8/5/1994,Texas,WR,Marcus Johnson
841,73,210,8/14/1995,Hawaii,WR,Marcus Kemp
842,76,222,10/30/1993,Oregon,QB,Marcus Mariota
843,76,207,3/9/1993,Florida,FS,Marcus Maye
844,72,195,10/3/1991,Missouri,RB,Marcus Murphy
845,69,197,1/9/1993,Washington,CB,Marcus Peters
846,72,175,9/30/1987,Minnesota,CB,Marcus Sherels
847,70,258,3/31/1992,Louisville,LB,Marcus Smith
848,75,196,3/24/1991,North Dakota State,CB,Marcus Williams
849,71,195,9/8/1996,Utah,FS,Marcus Williams
850,73,295,7/14/1987,Southern Methodist,DT,Margus Hunt
851,80,260,9/6/1987,Troy,DE,Mario Addison
852,75,255,9/6/1995,Oklahoma,TE,Mark Andrews
853,77,230,10/27/1989,Alabama,ILB,Mark Barron
854,74,215,12/21/1989,Alabama,RB,Mark Ingram
855,69,239,1/19/1990,Wyoming,MLB,Mark Nzeocha
856,75,232,11/11/1986,USC,QB,Mark Sanchez
857,74,200,3/29/1997,Miami (Fla.),HB,Mark Walton
858,70,260,3/13/1991,Missouri,OLB,Markus Golden
859,75,185,2/7/1991,Oregon State,WR,Markus Wheaton
860,71,197,7/8/1996,Alabama,CB,Marlon Humphrey
861,72,210,3/7/1996,South Florida,RB,Marlon Mack
862,72,235,10/21/1995,Wake Forest,MLB,Marquel Lee
863,75,207,10/10/1994,South Florida,WR,Marquez Valdes-Scantling
864,76,207,10/27/1994,Midwestern State,SS,Marqui Christian
865,71,250,2/16/1992,Arizona,OLB,Marquis Flowers
866,74,235,12/16/1993,Mississippi,DE,Marquis Haynes
867,74,185,11/19/1990,Texas,WR,Marquise Goodwin
868,69,215,4/22/1986,California,RB,Marshawn Lynch
869,71,192,5/20/1996,Ohio State,CB,Marshon Lattimore
870,72,210,12/20/1991,Clemson,WR,Martavis Bryant
871,76,190,4/10/1993,Washington,WR,Marvin Hall
872,70,198,3/12/1990,California,WR,Marvin Jones
873,74,207,9/3/1984,Colorado,K,Mason Crosby
874,73,250,3/1/1989,Washington,ILB,Mason Foster
875,73,252,11/4/1993,Buffalo,TE,Mason Schreck
876,77,234,9/8/1990,Southern California,QB,Matt Barkley
877,74,190,2/28/1995,Georgia Southern,RB,Matt Breida
878,70,225,5/17/1982,USC,QB,Matt Cassel
879,76,205,9/3/1994,North Carolina State,RB,Matt Dayes
880,69,265,3/26/1995,Pittsburgh,TE,Matt Flanagan
881,78,261,8/15/1992,Grand Valley State,OLB,Matt Judon
882,75,255,9/21/1992,Illinois,TE,Matt LaCosse
883,78,265,12/27/1990,Eastern Kentucky,TE,Matt Lengel
884,79,265,9/21/1991,Northwest Missouri State,OLB,Matt Longacre
885,75,223,7/28/1994,Boston College,OLB,Matt Milano
886,72,243,7/6/1985,Western Washington,LS,Matt Overton
887,73,201,8/10/1984,Central Florida,K,Matt Prater
888,70,217,5/17/1985,Boston College,QB,Matt Ryan
889,76,245,6/25/1981,Virginia,QB,Matt Schaub
890,78,229,12/12/1995,Houston,ILB,Matthew Adams
891,72,310,1/11/1994,Temple,DE,Matthew Ioannidis
892,75,220,2/7/1988,Georgia,QB,Matthew Stafford
893,75,244,7/21/1995,Florida State,LB,Matthew Thomas
894,75,209,7/15/1992,Notre Dame,SS,Matthias Farley
895,71,193,5/26/1994,Virginia,CB,Maurice Canady
896,73,205,11/11/1992,California,WR,Maurice Harris
897,75,194,6/14/1995,Georgia,S,Maurice Smith
898,72,200,5/17/1994,Duke,WR,Max McCaffrey
899,74,252,4/12/1994,Minnesota,TE,Maxx Williams
900,76,215,4/13/1993,Wisconsin,RB,Melvin Gordon
901,73,247,4/26/1989,South Carolina,DE,Melvin Ingram
902,74,197,12/31/1990,Iowa,SS,Micah Hyde
903,72,244,1/25/1995,Virginia,LB,Micah Kiser
904,72,240,2/1/1992,Rutgers,FB,Michael Burton
905,72,215,9/14/1987,Texas Tech,WR,Michael Crabtree
906,73,196,1/6/1995,Brigham Young,CB,Michael Davis
907,74,220,11/27/1989,Notre Dame,WR,Michael Floyd
908,74,200,3/4/1996,Colorado State,WR,Michael Gallup
909,73,345,11/6/1992,Samford,DT,Michael Pierce
910,72,265,5/7/1994,Toledo,TE,Michael Roberts
911,77,212,3/3/1993,Ohio State,WR,Michael Thomas
912,75,195,3/17/1990,Stanford,SS,Michael Thomas
913,71,205,3/24/1981,Delaware,FS,Mike Adams
914,71,205,6/30/1995,Cincinnati,RB,Mike Boone
915,70,221,2/19/1993,South Carolina,RB,Mike Davis
916,69,231,8/21/1993,Texas A&M,WR,Mike Evans
917,77,198,8/4/1995,Southeast Missouri,CB,Mike Ford
918,72,252,10/3/1995,Penn State,TE,Mike Gesicki
919,78,210,11/1/1990,Florida,RB,Mike Gillislee
920,71,225,12/12/1989,North Carolina State,QB,Mike Glennon
921,79,184,3/9/1994,Mississippi,CB,Mike Hilton
922,69,191,2/11/1997,Central Florida,CB,Mike Hughes
923,70,232,5/25/1991,Penn State,MLB,Mike Hull
924,72,221,6/10/1987,Ohio U.,FS,Mike Mitchell
925,73,332,5/9/1991,Colorado State-Pueblo,DT,Mike Pennel
926,76,210,7/27/1993,Cincinnati,CB,Mike Tyson
927,73,200,8/1/1986,Mississippi,WR,Mike Wallace
928,72,218,10/4/1994,Clemson,WR,Mike Williams
929,76,207,11/17/1996,Alabama,S,Minkah Fitzpatrick
930,73,215,8/20/1994,North Carolina,QB,Mitchell Trubisky
931,74,267,9/19/1993,Virginia Commonwealth,TE,Mo Alie-Cox
932,77,215,8/22/1989,Rutgers,WR,Mohamed Sanu
933,74,212,12/4/1995,Michigan State,FS,Montae Nicholson
934,74,210,1/13/1989,Georgia Tech,SS,Morgan Burnett
935,73,233,4/26/1986,Tennessee,LS,Morgan Cox
936,76,192,2/7/1990,Louisiana State,CB,Morris Claiborne
937,71,190,8/30/1993,Memphis,WR,Mose Frazier
938,71,243,3/24/1992,Southern Illinois,TE,MyCole Pruitt
939,71,240,9/28/1990,California,OLB,Mychal Kendricks
940,74,272,12/29/1995,Texas A&M,DE,Myles Garrett
941,76,244,9/3/1995,UCLA,OLB,Myles Jack
942,73,244,6/4/1989,West Virginia,OLB,Najee Goode
943,72,195,7/6/1991,San Diego State,SS,Nat Berhe
944,71,230,2/23/1995,Nebraska,LB,Nate Gerry
945,74,185,6/30/1994,Temple,CB,Nate Hairston
946,72,240,3/14/1988,Penn State,ILB,Nate Stupar
947,74,227,10/7/1993,Indiana,QB,Nate Sudfeld
948,78,225,5/4/1994,Pittsburgh,QB,Nathan Peterman
949,74,200,12/15/1995,Wisconsin,DB,Natrell Jamerson
950,71,257,1/14/1992,"Monmouth, N.J.",TE,Neal Sterling
951,76,210,2/11/1990,Auburn,CB,Neiko Thorpe
952,74,198,5/24/1993,Southern California,WR,Nelson Agholor
953,72,234,4/6/1993,Marshall,OLB,Neville Hewitt
954,74,190,4/23/1991,Utah State,CB,Nevin Lawson
955,69,230,7/2/1992,Pittsburgh,LB,Nicholas Grigsby
956,74,225,7/10/1995,Greenville,ILB,Nicholas Morrow
957,72,250,5/12/1989,Central Michigan,FB,Nick Bellore
958,73,270,2/17/1993,Delaware,TE,Nick Boyle
959,76,225,12/27/1995,Georgia,RB,Nick Chubb
960,71,251,1/27/1995,North Dakota State,LB,Nick DeLuca
961,75,240,8/15/1991,Cal Poly,ILB,Nick Dzubnar
962,73,243,1/20/1989,Arizona,QB,Nick Foles
963,78,242,5/26/1993,West Virginia,ILB,Nick Kwiatkoski
964,74,210,3/21/1995,Southern Mississippi,QB,Nick Mullens
965,73,205,10/16/1996,Wisconsin,CB,Nick Nelson
966,71,252,8/31/1992,Florida State,TE,Nick O'Leary
967,75,265,4/12/1990,USC,OLB,Nick Perry
968,75,261,3/6/1993,Ohio State,TE,Nick Vannett
969,78,235,8/20/1993,Utah State,OLB,Nick Vigil
970,74,184,11/23/1990,Connecticut,WR,Nick Williams
971,70,178,1/17/1992,Southern California,CB,Nickell Robey-Coleman
972,68,241,9/4/1989,Florida State,OLB,Nigel Bradham
973,74,242,8/9/1989,Nebraska,TE,Niles Paul
974,73,225,1/6/1996,Ohio State,WR,Noah Brown
975,74,198,11/12/1996,North Carolina State,RB,Nyheim Hines
976,69,250,11/18/1994,Alabama,TE,O.J. Howard
977,78,224,4/5/1994,Connecticut,DB,Obi Melifonwu
978,76,198,11/5/1992,Louisiana State,WR,Odell Beckham Jr.
979,71,248,9/12/1997,Toledo,OLB,Ola Adeniyi
980,73,262,10/7/1990,Miami,DE,Olivier Vernon
981,74,293,8/27/1991,Miami,DT,Olsen Pierre
982,76,233,3/21/1995,Vanderbilt,LB,Oren Burks
983,75,196,2/10/1987,Boise State,CB,Orlando Scandrick
984,70,257,1/27/1991,Georgia,TE,Orson Charles
985,75,196,6/1/1993,Florida State,CB,P.J. Williams
986,72,180,10/11/1994,Tulane,CB,Parry Nickerson
987,70,215,8/19/1987,Oregon,SS,Patrick Chung
988,71,234,4/30/1989,South Carolina,FB,Patrick DiMarco
989,73,230,9/17/1995,Texas Tech,QB,Patrick Mahomes
990,75,227,8/22/1992,Portland State,ILB,Patrick Onwuasor
991,72,203,7/11/1990,Louisiana State,CB,Patrick Peterson
992,73,311,5/27/1994,Maine,FB,Patrick Ricard
993,75,191,9/7/1987,Florida State,CB,Patrick Robinson
994,71,180,4/13/1992,Colorado,WR,Paul Richardson
995,72,265,12/17/1988,Mississippi State,OLB,Pernell McPhee
996,75,254,6/26/1995,Stanford,LB,Peter Kalambayi
997,75,225,2/27/1994,Auburn,RB,Peyton Barber
998,71,207,3/7/1995,South Carolina,WR,Pharoh Cooper
999,71,228,12/8/1981,North Carolina State,QB,Philip Rivers
1000,77,192,1/5/1993,Miami,WR,Phillip Dorsett
1001,70,193,4/4/1991,Rice,CB,Phillip Gaines
1002,72,190,7/24/1994,Colorado,RB,Phillip Lindsay
1003,68,192,9/8/1990,Lindenwood,CB,Pierre Desir
1004,73,211,8/8/1986,Mount Union,WR,Pierre Garcon
1005,72,245,3/9/1994,Utah,LB,Pita Taumoepenu
1006,73,255,10/27/1992,Louisville,MLB,Preston Brown
1007,73,265,11/17/1992,Mississippi State,OLB,Preston Smith
1008,77,204,6/6/1989,Nebraska,CB,Prince Amukamara
1009,72,197,1/22/1993,Texas,SS,Quandre Diggs
1010,69,209,6/20/1996,Stanford,CB,Quenton Meeks
1011,73,225,5/31/1992,Nebraska,WR,Quincy Enunwa
1012,74,193,8/16/1996,Florida,CB,Quincy Wilson
1013,74,202,7/22/1992,Florida,CB,Quinton Dunbar
1014,74,242,11/17/1995,Ohio State,LB,Raekwon McMillan
1015,74,205,5/12/1987,South Carolina State,SS,Rafael Bush
1016,71,197,4/9/1992,Purdue,RB,Raheem Mostert
1017,70,237,8/19/1992,Georgia,ILB,Ramik Wilson
1018,74,232,8/10/1987,North Dakota State,OLB,Ramon Humber
1019,71,192,8/22/1990,Kentucky,WR,Randall Cobb
1020,70,220,2/2/1996,San Diego State,RB,Rashaad Penny
1021,71,234,11/8/1995,Alabama,LB,Rashaan Evans
1022,74,200,1/23/1995,Tennessee,DB,Rashaan Gaulden
1023,73,194,10/2/1989,Northern Illinois,CB,Rashaan Melvin
1024,74,186,9/23/1992,Florida State,WR,Rashad Greene
1025,71,198,10/7/1994,Colorado State,WR,Rashard Higgins
1026,73,177,7/23/1995,Louisiana State,CB,Rashard Robinson
1027,74,209,8/29/1995,West Virginia,CB,Rasul Douglas
1028,74,197,2/2/1995,James Madison,FS,Raven Greene
1029,71,220,3/5/1991,Miami,OLB,Ray-Ray Armstrong
1030,75,190,10/15/1996,Clemson,WR,Ray-Ray McCloud
1031,69,220,1/25/1994,Miami,SS,Rayshawn Jenkins
1032,74,260,4/1/1993,Arizona,LB,Reggie Gilbert
1033,76,210,9/21/1983,Florida,FS,Reggie Nelson
1034,71,252,9/23/1993,Alabama,ILB,Reggie Ragland
1035,74,235,3/24/1994,Louisiana State,LS,Reid Ferguson
1036,74,215,2/25/1988,Georgia,SS,Reshad Jones
1037,73,228,4/4/1994,Alabama,OLB,Reuben Foster
1038,73,215,7/2/1990,Nebraska,RB,Rex Burkhead
1039,70,255,10/3/1988,USC,TE,Rhett Ellison
1040,77,186,12/18/1991,Purdue,SS,Ricardo Allen
1041,69,257,1/22/1992,California,TE,Richard Rodgers
1042,76,195,3/30/1988,Stanford,CB,Richard Sherman
1043,75,185,9/5/1995,Middle Tennessee,WR,Richie James
1044,69,309,11/23/1986,LSU,DT,Ricky Jean Francois
1045,74,233,4/15/1994,Oregon State,FB,Ricky Ortiz
1046,72,243,3/15/1995,Texas A&M,TE,Ricky Seals-Jones
1047,77,280,1/7/1994,Baylor,TE,Rico Gathers
1048,78,228,11/23/1993,Michigan State,LB,Riley Bullough
1049,74,198,6/16/1993,Iowa,WR,Riley McCarron
1050,69,217,10/12/1989,Nevada,WR,Rishard Matthews
1051,72,198,11/1/1994,Washington State,WR,River Cracraft
1052,72,265,5/14/1989,Arizona,TE,Rob Gronkowski
1053,78,229,10/3/1992,Tulane,RB,Rob Kelley
1054,72,190,5/9/1993,Temple,WR,Robby Anderson
1055,75,186,11/1/1988,Southeastern Louisiana,CB,Robert Alford
1056,70,196,5/7/1994,Alabama,WR,Robert Foster
1057,74,213,2/12/1990,Baylor,QB,Robert Griffin III
1058,74,314,9/19/1994,Mississippi,DT,Robert Nkemdiche
1059,76,257,5/18/1990,North Carolina,DE,Robert Quinn
1060,76,237,4/30/1994,Indiana State,TE,Robert Tonyan
1061,77,225,12/2/1989,Utah State,RB,Robert Turbin
1062,70,193,4/10/1992,Southern California,WR,Robert Woods
1063,72,198,9/2/1995,Jacksonville State,RB,Roc Thomas
1064,70,236,1/10/1992,Ohio State,RB,Rod Smith
1065,75,195,2/9/1988,Temple,WR,Rod Streater
1066,74,305,1/19/1992,Delaware State,DT,Rodney Gunter
1067,77,195,6/23/1990,Virginia,FS,Rodney McLeod
1068,70,263,6/17/1995,Notre Dame,DE,Romeo Okwara
1069,76,206,8/17/1987,Newberry,FS,Ron Parker
1070,72,193,1/2/1994,Florida State,CB,Ronald Darby
1071,71,208,8/3/1997,Southern California,RB,Ronald Jones
1072,71,214,4/18/1997,Alabama,DB,Ronnie Harrison
1073,75,203,11/25/1988,California (PA),FS,Rontez Miles
1074,72,248,3/30/1992,Kent State,FB,Roosevelt Nix
1075,71,230,4/8/1997,Georgia,LB,Roquan Smith
1076,72,240,1/26/1995,San Diego,TE,Ross Dwelley
1077,77,238,2/24/1996,Oregon,RB,Royce Freeman
1078,72,204,11/1/1994,Auburn,S,Rudy Ford
1079,72,184,1/22/1996,Louisiana State,WR,Russell Gage
1080,72,195,9/17/1990,LSU,WR,Russell Shepard
1081,72,215,11/29/1988,Wisconsin,QB,Russell Wilson
1082,71,253,8/12/1994,Alabama,OLB,Ryan Anderson
1083,74,228,11/24/1982,Harvard,QB,Ryan Fitzpatrick
1084,74,194,12/19/1990,Tulane,WR,Ryan Grant
1085,72,255,1/11/1990,Connecticut,TE,Ryan Griffin
1086,78,255,1/24/1991,Stanford,TE,Ryan Hewitt
1087,76,265,8/16/1988,Purdue,OLB,Ryan Kerrigan
1088,76,195,4/15/1994,Pittsburgh,CB,Ryan Lewis
1089,72,190,9/7/1993,North Carolina Central,CB,Ryan Smith
1090,71,185,11/4/1994,North Carolina,WR,Ryan Switzer
1091,68,207,7/27/1988,Texas A&M,QB,Ryan Tannehill
1092,76,208,3/17/1996,Penn State,WR,Saeed Blacknall
1093,74,259,9/6/1988,Texas,OLB,Sam Acho
1094,75,224,11/8/1987,Oklahoma,QB,Sam Bradford
1095,76,225,6/5/1997,Southern California,QB,Sam Darnold
1096,75,265,6/29/1995,Ohio State,DE,Sam Hubbard
1097,77,222,8/13/1982,Nebraska,P,Sam Koch
1098,73,211,2/27/1990,Appalachian State,P,Sam Martin
1099,73,178,12/8/1987,Miami (Fla.),CB,Sam Shields
1100,71,240,9/16/1995,Oklahoma,RB,Samaje Perine
1101,71,210,3/31/1993,Auburn,WR,Sammie Coates
1102,73,211,6/14/1993,Clemson,WR,Sammy Watkins
1103,73,245,5/9/1995,Eastern Washington,OLB,Samson Ebukam
1104,75,233,2/9/1997,Penn State,RB,Saquon Barkley
1105,72,255,4/13/1992,Assumption,TE,Scott Simonson
1106,77,205,4/27/1996,Temple,DB,Sean Chandler
1107,70,255,6/11/1993,Missouri,TE,Sean Culkin
1108,77,202,10/23/1993,Maryland,SS,Sean Davis
1109,73,245,7/22/1986,Penn State,ILB,Sean Lee
1110,74,231,4/25/1992,Oregon State,QB,Sean Mannion
1111,78,245,1/29/1993,Princeton,TE,Seth DeValve
1112,75,195,2/22/1991,West Alabama,WR,Seth Roberts
1113,74,202,8/5/1994,Washington State,FS,Shalom Luani
1114,72,205,2/23/1991,Syracuse,SS,Shamarko Thomas
1115,69,255,5/18/1993,Missouri,DE,Shane Ray
1116,75,240,8/21/1993,San Jose State,FB,Shane Smith
1117,73,230,4/21/1994,Washington,OLB,Shaq Thompson
1118,72,227,7/20/1995,Central Florida,LB,Shaquem Griffin
1119,72,250,11/17/1992,Colorado State,OLB,Shaquil Barrett
1120,74,198,7/20/1995,Central Florida,CB,Shaquill Griffin
1121,72,184,4/8/1987,USC,CB,Shareece Wright
1122,71,250,10/1/1995,Temple,OLB,Sharif Finch
1123,76,198,10/14/1991,Florida Atlantic,SS,Sharrod Neasman
1124,72,235,9/11/1995,Alabama,LB,Shaun Dion Hamilton
1125,72,185,12/2/1995,Duke,RB,Shaun Wilson
1126,69,210,5/13/1991,Georgia,SS,Shawn Williams
1127,72,191,3/20/1995,West Virginia,WR,Shelton Gibson
1128,71,203,12/19/1987,Northwestern,CB,Sherrick McManis
1129,71,260,3/20/1992,Michigan State,LB,Shilique Calhoun
1130,76,181,5/21/1996,Washington,CB,Sidney Jones
1131,72,205,8/4/1994,Jacksonville State,DB,Siran Neal
1132,72,225,1/8/1995,South Carolina,ILB,Skai Moore
1133,74,280,8/26/1995,Stanford,DE,Solomon Thomas
1134,75,215,2/17/1995,Georgia,RB,Sony Michel
1135,71,229,11/23/1991,LSU,RB,Spencer Ware
1136,70,195,5/13/1994,Miami (Fla.),WR,Stacy Coley
1137,72,191,11/29/1993,Maryland,WR,Stefon Diggs
1138,72,210,6/29/1985,North Carolina State,K,Stephen Hauschka
1139,76,265,3/19/1994,Vanderbilt,DE,Stephen Weatherly
1140,77,202,9/19/1990,South Carolina,CB,Stephon Gilmore
1141,73,245,7/28/1992,Clemson,MLB,Stephone Anthony
1142,75,201,2/10/1993,Oklahoma,WR,Sterling Shepard
1143,70,220,1/27/1989,LSU,RB,Stevan Ridley
1144,71,194,1/22/1993,Oregon State,CB,Steven Nelson
1145,71,224,7/7/1995,USC,DB,Su'a Cravens
1146,73,204,7/28/1990,Ohio,CB,T.J. Carrie
1147,72,190,7/19/1992,Notre Dame,WR,T.J. Jones
1148,72,195,9/3/1994,North Carolina,RB,T.J. Logan
1149,71,215,1/26/1991,USC,SS,T.J. McDonald
1150,74,252,10/11/1994,Wisconsin,OLB,T.J. Watt
1151,76,223,10/2/1993,Alabama,RB,T.J. Yeldon
1152,73,183,11/14/1989,Florida International,WR,T.Y. Hilton
1153,70,224,8/14/1996,Chattanooga,ILB,Tae Davis
1154,73,241,4/2/1990,Temple,OLB,Tahir Whitehead
1155,73,195,7/26/1988,Eastern Washington,RB,Taiwan Jones
1156,72,194,12/23/1994,Massachusetts,WR,Tajae Sharpe
1157,74,265,11/2/1995,UCLA,DE,Takkarist McKinley
1158,74,228,12/16/1994,Boise State,LB,Tanner Vallejo
1159,73,289,6/14/1994,Villanova,DE,Tanoh Kpassagnon
1160,79,192,10/21/1993,Virginia,WR,Taquan Mizzell
1161,70,266,3/18/1994,Ohio,LB,Tarell Basham
1162,76,191,7/26/1995,North Carolina A&T,RB,Tarik Cohen
1163,66,192,7/27/1996,Weber State,CB,Taron Johnson
1164,71,200,8/16/1996,Southern Mississippi,DB,Tarvarius Moore
1165,74,212,8/7/1990,Wyoming,FS,Tashaun Gipson
1166,73,205,3/11/1996,Ferris State,CB,Tavierre Thomas
1167,70,185,3/15/1990,West Virginia,WR,Tavon Austin
1168,68,208,3/19/1990,Illinois,SS,Tavon Wilson
1169,72,185,3/14/1994,Temple,CB,Tavon Young
1170,69,168,2/17/1991,Abilene Christian,WR,Taylor Gabriel
1171,67,210,3/15/1993,Old Dominion,QB,Taylor Heinicke
1172,73,221,8/23/1990,Brigham Young,QB,Taysom Hill
1173,74,205,3/2/1995,Western Kentucky,WR,Taywan Taylor
1174,71,180,4/12/1985,Ohio State,WR,Ted Ginn
1175,71,215,11/10/1992,Louisville,QB,Teddy Bridgewater
1176,74,204,1/20/1995,Colorado,FS,Tedric Thompson
1177,72,191,12/31/1995,Florida,CB,Teez Tabor
1178,72,215,4/11/1991,Florida State,OLB,Telvin Smith
1179,75,245,7/30/1993,South Carolina State,TE,Temarrick Hemingway
1180,77,190,5/17/1992,Oregon,CB,Terrance Mitchell
1181,71,235,5/3/1993,Florida State,ILB,Terrance Smith
1182,74,210,9/18/1989,Baylor,WR,Terrance Williams
1183,74,217,1/20/1997,Virginia Tech,S,Terrell Edmunds
1184,73,265,10/11/1982,Arizona State,OLB,Terrell Suggs
1185,75,228,6/20/1989,Ohio State,WR,Terrelle Pryor
1186,76,205,3/2/1992,Florida State,SS,Terrence Brooks
1187,71,210,4/16/1993,Indiana,RB,Tevin Coleman
1188,73,201,5/4/1991,Notre Dame,RB,Theo Riddick
1189,69,235,3/22/1983,Georgia,OLB,Thomas Davis
1190,73,235,3/8/1986,Southern Methodist,P,Thomas Morstead
1191,76,212,11/23/1993,Utah,WR,Tim Patrick
1192,76,185,7/15/1994,Arizona State,WR,Tim White
1193,70,244,11/12/1993,Alabama,OLB,Tim Williams
1194,75,230,5/17/1992,Sacramento State,ILB,Todd Davis
1195,73,224,8/3/1994,Georgia,RB,Todd Gurley
1196,73,225,8/3/1977,Michigan,QB,Tom Brady
1197,76,288,8/30/1984,Southern Mississippi,DT,Tom Johnson
1198,75,246,9/10/1990,Wake Forest,FB,Tommy Bohanon
1199,73,168,10/24/1992,Northern Illinois,WR,Tommylee Lewis
1200,67,198,7/13/1995,Alabama,CB,Tony Brown
1201,72,211,1/27/1992,Oklahoma,SS,Tony Jefferson
1202,71,192,7/2/1992,Michigan State,CB,Tony Lippett
1203,74,185,5/3/1993,North Carolina A&T,CB,Tony McRae
1204,70,205,1/26/1989,Maryland,WR,Torrey Smith
1205,72,188,4/10/1995,Nevada-Las Vegas,CB,Torry McTyer
1206,71,228,10/24/1992,Texas A&M,RB,Tra Carson
1207,71,210,2/1/1995,Louisiana-Lafayette,DB,Tracy Walker
1208,73,190,7/25/1992,Michigan State,CB,Trae Waynes
1209,72,188,8/20/1988,Belhaven,CB,Tramaine Brock
1210,72,191,3/16/1983,Louisiana Tech,CB,Tramon Williams
1211,71,210,2/1/1989,Appalachian State,RB,Travaris Cadet
1212,73,175,12/29/1989,Miami,WR,Travis Benjamin
1213,70,260,10/5/1989,Cincinnati,TE,Travis Kelce
1214,77,205,6/25/1992,North Carolina,FS,Tre Boston
1215,73,203,6/2/1995,Oklahoma State,CB,Tre Flowers
1216,75,185,3/5/1996,Vanderbilt,CB,Tre Herndon
1217,71,235,8/16/1993,USC,FB,Tre Madden
1218,72,200,12/21/1993,Shepherd,DB,Tre Sullivan
1219,72,192,1/16/1995,Louisiana State,CB,Tre'Davious White
1220,71,210,1/7/1996,Central Florida,WR,Tre'Quan Smith
1221,74,232,2/10/1995,Weber State,LB,Tre'Von Johnson
1222,72,250,5/2/1998,Virginia Tech,LB,Tremaine Edmunds
1223,77,190,7/20/1996,Central Arkansas,WR,Tremon Smith
1224,71,259,12/22/1990,Stanford,DE,Trent Murphy
1225,78,219,2/26/1996,Vanderbilt,WR,Trent Sherfield
1226,73,181,4/30/1994,Louisiana Tech,WR,Trent Taylor
1227,68,185,7/23/1994,Virginia State,RB,Trenton Cannon
1228,71,220,4/18/1990,Oklahoma,P,Tress Way
1229,73,258,4/1/1995,Louisville,OLB,Trevon Young
1230,76,191,9/15/1993,Penn State,CB,Trevor Williams
1231,71,238,10/29/1991,Florida,TE,Trey Burton
1232,74,265,8/16/1993,Arkansas,DE,Trey Flowers
1233,74,200,12/7/1995,Southern Methodist,WR,Trey Quinn
1234,72,184,8/29/1991,Oregon,CB,Troy Hill
1235,71,213,1/1/1990,Montana,CB,Trumaine Johnson
1236,74,216,1/22/1993,Stanford,RB,Ty Montgomery
1237,72,203,11/15/1994,Pittsburgh,WR,Tyler Boyd
1238,74,254,7/30/1995,Central Michigan,TE,Tyler Conklin
1239,75,255,9/8/1990,Notre Dame,TE,Tyler Eifert
1240,78,185,10/7/1993,San Jose State,RB,Tyler Ervin
1241,70,257,1/1/1993,Western Kentucky,TE,Tyler Higbee
1242,78,250,10/15/1992,Rutgers,TE,Tyler Kroft
1243,78,182,9/28/1992,Kansas State,WR,Tyler Lockett
1244,70,235,12/22/1992,Temple,ILB,Tyler Matakevich
1245,73,188,1/26/1991,Oklahoma State,CB,Tyler Patmon
1246,70,277,1/30/1995,Ohio State,DT,Tyquan Lewis
1247,75,190,5/13/1992,Louisiana State,FS,Tyrann Mathieu
1248,69,185,3/1/1994,West Alabama,WR,Tyreek Hill
1249,70,205,2/12/1992,Western Oregon,WR,Tyrell Williams
1250,76,215,8/3/1989,Virginia Tech,QB,Tyrod Taylor
1251,73,254,11/14/1994,Texas,TE,Tyrone Swoopes
1252,76,240,5/23/1995,Houston,OLB,Tyus Bowser
1253,75,211,2/16/1994,Ohio State,DB,Tyvis Powell
1254,74,251,12/28/1996,Southern California,LB,Uchenna Nwosu
1255,74,239,4/27/1994,Georgia Southern,ILB,Ukeme Eligwe
1256,74,267,6/13/1990,Rice,TE,Vance McDonald
1257,76,248,1/31/1984,Maryland,TE,Vernon Davis
1258,75,204,6/3/1995,Florida,CB,Vernon Hargreaves III
1259,70,246,7/8/1992,Clemson,DE,Vic Beasley
1260,75,178,4/4/1995,Oregon State,WR,Victor Bolden
1261,68,246,7/2/1993,Wisconsin,LB,Vince Biegel
1262,75,233,12/27/1989,Florida State,ILB,Vince Williams
1263,73,240,9/6/1987,Duke,OLB,Vincent Rey
1264,72,279,6/30/1988,Marshall,DE,Vinny Curry
1265,75,255,8/3/1988,Nevada,TE,Virgil Green
1266,77,347,2/5/1995,Washington,DT,Vita Vea
1267,76,250,3/26/1989,Texas A&M,OLB,Von Miller
1268,75,205,12/12/1994,Ohio State,FS,Vonn Bell
1269,71,207,5/27/1988,Illinois,CB,Vontae Davis
1270,71,255,9/24/1990,Arizona State,OLB,Vontaze Burfict
1271,73,202,6/9/1996,Limestone,WR,Vyncint Smith
1272,75,200,6/19/1991,Liberty,CB,Walt Aikens
1273,73,210,10/1/1994,Clemson,RB,Wayne Gallman
1274,72,208,1/20/1994,West Virginia,RB,Wendell Smallwood
1275,70,233,7/21/1986,Kentucky,ILB,Wesley Woodyard
1276,72,258,7/21/1990,Illinois,OLB,Whitney Mercilus
1277,76,235,9/19/1989,Nebraska,ILB,Will Compton
1278,73,267,7/8/1996,Washington,TE,Will Dissly
1279,76,184,4/16/1994,Notre Dame,WR,Will Fuller
1280,72,194,7/29/1994,Arizona,FS,Will Parks
1281,73,186,12/28/1993,Mississippi State,S,Will Redmond
1282,71,281,7/31/1991,Michigan State,DE,William Gholston
1283,78,196,10/27/1992,Houston,CB,William Jackson
1284,72,291,3/20/1994,Michigan,DT,Willie Henry
1285,75,205,10/17/1992,Ball State,WR,Willie Snead
1286,71,200,7/4/1993,Baylor,CB,Xavien Howard
1287,73,261,9/22/1992,Southern California,TE,Xavier Grimble
1288,76,218,6/19/1990,Florida State,CB,Xavier Rhodes
1289,73,202,7/26/1995,Louisiana Tech,FS,Xavier Woods
1290,71,246,3/31/1995,Maryland,DE,Yannick Ngakoue
1291,74,272,9/8/1992,Kentucky,OLB,Za'Darius Smith
1292,76,250,10/23/1989,North Carolina,ILB,Zach Brown
1293,73,238,12/2/1994,Vanderbilt,ILB,Zach Cunningham
1294,75,250,11/10/1990,Stanford,TE,Zach Ertz
1295,77,233,4/26/1990,Southern Methodist,FB,Zach Line
1296,73,214,12/18/1994,Old Dominion,WR,Zach Pascal
1297,74,238,3/28/1991,Utah State,MLB,Zach Vigil
1298,74,255,1/10/1993,Southern Methodist,LS,Zach Wood
1299,75,224,9/13/1991,South Dakota,RB,Zach Zenner
1300,71,236,7/2/1996,Syracuse,ILB,Zaire Franklin
1301,72,200,3/30/1995,East Carolina,WR,Zay Jones
1302,74,214,6/9/1996,Washington,LB,Zeke Turner
